menu,best_model,score_val,weighted_smape,restaurant_weight,model_weights,smape
담하_들깨 양지탕,WeightedEnsemble,0.0,-0.0,2.0,"{'TemporalFusionTransformer': 0.6508167197717666, 'DirectTabular': 0.1292928140404528, 'Chronos[autogluon__chronos-bolt-small]': 0.09686588579181107, 'ETS': 0.08341381138435373, 'Theta': 0.03961076901161572}",-0.0
담하_꼬막 비빔밥,WeightedEnsemble,0.0,-0.0,2.0,"{'TemporalFusionTransformer': 0.4942985779522371, 'DirectTabular': 0.1961341120634589, 'Chronos[autogluon__chronos-bolt-small]': 0.16374457392728284, 'ETS': 0.08854465724625513, 'Theta': 0.05727807881076614}",-0.0
카페테리아_새우튀김 우동,WeightedEnsemble,0.0,-0.0,1.0,"{'TemporalFusionTransformer': 0.4737744278713169, 'DirectTabular': 0.20469236194075216, 'ETS': 0.15098020521757555, 'Chronos[autogluon__chronos-bolt-small]': 0.14359960089045473, 'Theta': 0.026953404079900486}",-0.0
카페테리아_오픈푸드,WeightedEnsemble,0.0,-0.0,1.0,"{'Chronos[autogluon__chronos-bolt-small]': 0.5297441387308014, 'ETS': 0.26160548933127836, 'Theta': 0.08860161124159804, 'TemporalFusionTransformer': 0.06278196154412916, 'DirectTabular': 0.05726679915219302}",-0.0
카페테리아_진사골 설렁탕,WeightedEnsemble,0.0,-0.0,1.0,"{'TemporalFusionTransformer': 0.40957983852616503, 'Chronos[autogluon__chronos-bolt-small]': 0.3036039240134953, 'DirectTabular': 0.1896871571937201, 'ETS': 0.0646435039083435, 'Theta': 0.03248557635827603}",-0.0
카페테리아_카페라떼(ICE),WeightedEnsemble,0.0,-0.0,1.0,"{'TemporalFusionTransformer': 0.49117382435729046, 'DirectTabular': 0.23782401386647756, 'Chronos[autogluon__chronos-bolt-small]': 0.1603856502917881, 'ETS': 0.07164352583366648, 'Theta': 0.038972985650777496}",-0.0
포레스트릿_복숭아 아이스티,WeightedEnsemble,0.0,-0.0,1.0,"{'TemporalFusionTransformer': 0.8538302824011501, 'DirectTabular': 0.04506988249943433, 'Chronos[autogluon__chronos-bolt-small]': 0.039334807535504994, 'Theta': 0.035412353896512726, 'ETS': 0.026352673667397856}",-0.0
카페테리아_카페라떼(HOT),WeightedEnsemble,0.0,-0.0,1.0,"{'ETS': 0.41297868234885593, 'TemporalFusionTransformer': 0.40152063665495563, 'Chronos[autogluon__chronos-bolt-small]': 0.11464622725138766, 'DirectTabular': 0.04569078727000135, 'Theta': 0.025163666474799513}",-0.0
카페테리아_구슬아이스크림,WeightedEnsemble,0.0,-0.0,1.0,"{'ETS': 0.392176619673145, 'TemporalFusionTransformer': 0.38804011466831156, 'DirectTabular': 0.12733464434901134, 'Chronos[autogluon__chronos-bolt-small]': 0.06659708827169691, 'Theta': 0.02585153303783534}",-0.0
카페테리아_복숭아 아이스티,WeightedEnsemble,0.0,-0.0,1.0,"{'TemporalFusionTransformer': 0.5810912632750203, 'Chronos[autogluon__chronos-bolt-small]': 0.16555148871777917, 'DirectTabular': 0.1178096923290058, 'ETS': 0.09758267155432523, 'Theta': 0.03796488412386969}",-0.0
카페테리아_아메리카노(HOT),WeightedEnsemble,0.0,-0.0,1.0,"{'TemporalFusionTransformer': 0.5944648276929173, 'Chronos[autogluon__chronos-bolt-small]': 0.1832964800963859, 'DirectTabular': 0.1806141649235841, 'Theta': 0.04162452728711264}",-0.0
카페테리아_샷 추가,WeightedEnsemble,0.0,-0.0,1.0,"{'TemporalFusionTransformer': 0.38197729795599594, 'DirectTabular': 0.27541042709455943, 'Chronos[autogluon__chronos-bolt-small]': 0.17601891131360814, 'ETS': 0.12730613003440075, 'Theta': 0.03928723360143559}",-0.0
카페테리아_아메리카노(ICE),WeightedEnsemble,0.0,-0.0,1.0,"{'TemporalFusionTransformer': 0.5543280873342269, 'Chronos[autogluon__chronos-bolt-small]': 0.14256221751457707, 'ETS': 0.14088618512713758, 'DirectTabular': 0.13118664464236024, 'Theta': 0.031036865381698153}",-0.0
화담숲주막_해물파전,WeightedEnsemble,-0.06577784401569359,0.06577784401569359,1.0,"{'WeightedEnsemble': 0.2655960838652893, 'SeasonalNaive': 0.2655960838652893, 'TemporalFusionTransformer': 0.1004956606890878, 'DirectTabular': 0.09093204030414336, 'Chronos[autogluon__chronos-bolt-small]': 0.08074517753287853, 'Theta': 0.07887050288413198, 'Naive': 0.07500667912637272, 'ETS': 0.04275777173280691}",0.06577784401569359
포레스트릿_아메리카노(HOT),WeightedEnsemble,-0.07910076196936605,0.07910076196936605,1.0,"{'WeightedEnsemble': 0.3359521811853133, 'SeasonalNaive': 0.3359521811853133, 'DirectTabular': 0.07160932247600098, 'Theta': 0.06531282529389773, 'TemporalFusionTransformer': 0.06475405564445845, 'Chronos[autogluon__chronos-bolt-small]': 0.054356405083058404, 'ETS': 0.03926891710660218, 'Naive': 0.032794112025355614}",0.07910076196936605
화담숲주막_참살이 막걸리,WeightedEnsemble,-0.07952484462042703,0.07952484462042703,1.0,"{'WeightedEnsemble': 0.252438113292135, 'SeasonalNaive': 0.252438113292135, 'DirectTabular': 0.10996495523627507, 'TemporalFusionTransformer': 0.09936857783007329, 'Theta': 0.08734093775834537, 'Chronos[autogluon__chronos-bolt-small]': 0.08152745008368545, 'Naive': 0.0673247243079994, 'ETS': 0.04959712819935154}",0.07952484462042703
화담숲카페_아메리카노 ICE,WeightedEnsemble,-0.09098960445979334,0.09098960445979334,1.0,"{'WeightedEnsemble': 0.25342390689111033, 'SeasonalNaive': 0.25342390689111033, 'DirectTabular': 0.09391238399787358, 'TemporalFusionTransformer': 0.09304967863763808, 'Chronos[autogluon__chronos-bolt-small]': 0.08732595000587365, 'Theta': 0.08515295346919498, 'Naive': 0.0832530404556335, 'ETS': 0.0504581796515656}",0.09098960445979334
화담숲주막_느린마을 막걸리,WeightedEnsemble,-0.09421967315689511,0.09421967315689511,1.0,"{'WeightedEnsemble': 0.231301708464284, 'SeasonalNaive': 0.20347509400563393, 'TemporalFusionTransformer': 0.17974291172722584, 'DirectTabular': 0.09948059238559293, 'Theta': 0.08329051781157928, 'Chronos[autogluon__chronos-bolt-small]': 0.08326595978585559, 'Naive': 0.0719314033450829, 'ETS': 0.04751181247474556}",0.09421967315689511
화담숲주막_단호박 식혜 ,WeightedEnsemble,-0.10695847147245675,0.10695847147245675,1.0,"{'WeightedEnsemble': 0.22165081074620466, 'TemporalFusionTransformer': 0.22165081074620466, 'SeasonalNaive': 0.1612989785665075, 'DirectTabular': 0.1006706783782848, 'Theta': 0.08853554618357644, 'Chronos[autogluon__chronos-bolt-small]': 0.08365081887055258, 'Naive': 0.07263679236707332, 'ETS': 0.049905564141596054}",0.10695847147245675
연회장_Conference L1,WeightedEnsemble,-0.1083194730819355,0.1083194730819355,1.0,"{'WeightedEnsemble': 0.2609486256998951, 'Naive': 0.2609486256998951, 'TemporalFusionTransformer': 0.12032331103927506, 'Chronos[autogluon__chronos-bolt-small]': 0.11566080623504549, 'SeasonalNaive': 0.11018088087036504, 'DirectTabular': 0.04877935572113471, 'Theta': 0.04736352778062139, 'ETS': 0.03579486695376824}",0.1083194730819355
라그로타_해산물 토마토 리조또,WeightedEnsemble,-0.1083194730819355,0.1083194730819355,1.0,"{'WeightedEnsemble': 0.1816204494760511, 'SeasonalNaive': 0.1816204494760511, 'Naive': 0.1816204494760511, 'TemporalFusionTransformer': 0.17946910376375858, 'ETS': 0.08980156507967287, 'DirectTabular': 0.07888012533381095, 'Chronos[autogluon__chronos-bolt-small]': 0.07511681696037269, 'Theta': 0.031871040434231626}",0.1083194730819355
연회장_Convention Hall,WeightedEnsemble,-0.11872889593946154,0.11872889593946154,1.0,"{'WeightedEnsemble': 0.25962009572907147, 'TemporalFusionTransformer': 0.2499747866410731, 'SeasonalNaive': 0.16428737341746621, 'DirectTabular': 0.09000387503040547, 'Theta': 0.06778824613386909, 'ETS': 0.06614843764704055, 'Chronos[autogluon__chronos-bolt-small]': 0.05943499625624948, 'Naive': 0.042742189144824506}",0.11872889593946154
라그로타_제로콜라,WeightedEnsemble,-0.12004872718260233,0.12004872718260233,1.0,"{'WeightedEnsemble': 0.2810207722295689, 'Naive': 0.2810207722295689, 'TemporalFusionTransformer': 0.14440194893278108, 'SeasonalNaive': 0.08729373947844057, 'Chronos[autogluon__chronos-bolt-small]': 0.07816040608744294, 'DirectTabular': 0.048820481317699255, 'Theta': 0.04007544083052026, 'ETS': 0.0392064388939781}",0.12004872718260233
담하_라면사리,WeightedEnsemble,-0.15152543003800062,0.15152543003800062,2.0,"{'WeightedEnsemble': 0.25732274079177875, 'TemporalFusionTransformer': 0.25732274079177875, 'Chronos[autogluon__chronos-bolt-small]': 0.20588639430893618, 'SeasonalNaive': 0.11123459200825536, 'DirectTabular': 0.053992186319166524, 'ETS': 0.0420527025250063, 'Theta': 0.040303758993624844, 'Naive': 0.03188488426145318}",0.15152543003800062
화담숲주막_병천순대,WeightedEnsemble,-0.15371075334441808,0.15371075334441808,1.0,"{'WeightedEnsemble': 0.21311674092289493, 'SeasonalNaive': 0.21311674092289493, 'TemporalFusionTransformer': 0.11917681425828483, 'DirectTabular': 0.1084400912992767, 'Theta': 0.0992635594030531, 'Chronos[autogluon__chronos-bolt-small]': 0.09360904633095331, 'Naive': 0.09013026504137636, 'ETS': 0.06314674182126594}",0.15371075334441808
화담숲카페_메밀미숫가루,WeightedEnsemble,-0.15512776441458292,0.15512776441458292,1.0,"{'WeightedEnsemble': 0.20834927698002, 'SeasonalNaive': 0.20834927698002, 'TemporalFusionTransformer': 0.10976932397762956, 'DirectTabular': 0.10599329068602112, 'Chronos[autogluon__chronos-bolt-small]': 0.10321654288602396, 'Theta': 0.10185944364005964, 'Naive': 0.09855353714899084, 'ETS': 0.06390930770123472}",0.15512776441458292
미라시아_미라시아 브런치 (패키지),WeightedEnsemble,-0.15664316131457479,0.15664316131457479,2.0,"{'WeightedEnsemble': 0.17861841818064134, 'TemporalFusionTransformer': 0.17861841818064134, 'DirectTabular': 0.1231178897949124, 'Naive': 0.11402503773197475, 'Theta': 0.1112438762500036, 'ETS': 0.10314455763986058, 'Chronos[autogluon__chronos-bolt-small]': 0.10196388236557653, 'SeasonalNaive': 0.08926791985638932}",0.15664316131457479
화담숲카페_카페라떼 ICE,WeightedEnsemble,-0.15725204221189124,0.15725204221189124,1.0,"{'WeightedEnsemble': 0.19853561394290523, 'SeasonalNaive': 0.19853561394290523, 'TemporalFusionTransformer': 0.13936020922563264, 'DirectTabular': 0.11780733720789112, 'Theta': 0.09667433110725102, 'Chronos[autogluon__chronos-bolt-small]': 0.09224030501226652, 'Naive': 0.08854914842713778, 'ETS': 0.06829744113401058}",0.15725204221189124
미라시아_브런치(어린이),WeightedEnsemble,-0.16348412491924702,0.16348412491924702,2.0,"{'WeightedEnsemble': 0.19954580699747945, 'TemporalFusionTransformer': 0.19214715296795415, 'DirectTabular': 0.13286566425852747, 'Chronos[autogluon__chronos-bolt-small]': 0.10957125383632603, 'ETS': 0.10008558464607774, 'Theta': 0.09416484844530619, 'SeasonalNaive': 0.09280578305458075, 'Naive': 0.0788139057937482}",0.16348412491924702
연회장_Conference M9,WeightedEnsemble,-0.16586898862656096,0.16586898862656096,1.0,"{'WeightedEnsemble': 0.2231764651201925, 'TemporalFusionTransformer': 0.22240423256526545, 'Naive': 0.1806820740325697, 'Chronos[autogluon__chronos-bolt-small]': 0.11165341388596743, 'DirectTabular': 0.07418875993801174, 'SeasonalNaive': 0.06883228858241594, 'Theta': 0.06191464178218686, 'ETS': 0.05714812409339037}",0.16586898862656096
미라시아_글라스와인 (레드),WeightedEnsemble,-0.16751704213673482,0.16751704213673482,2.0,"{'WeightedEnsemble': 0.24610368700042093, 'TemporalFusionTransformer': 0.2180929712810874, 'Chronos[autogluon__chronos-bolt-small]': 0.1832489757559138, 'SeasonalNaive': 0.12584914711907744, 'DirectTabular': 0.06316830997563072, 'Naive': 0.06092764045630121, 'ETS': 0.053023620135515086, 'Theta': 0.0495856482760535}",0.16751704213673482
담하_제로콜라,WeightedEnsemble,-0.17509131287685517,0.17509131287685517,2.0,"{'WeightedEnsemble': 0.24523501088400884, 'TemporalFusionTransformer': 0.23059834473105298, 'Chronos[autogluon__chronos-bolt-small]': 0.16467761859155441, 'SeasonalNaive': 0.14113515887545983, 'Naive': 0.06536571277534987, 'Theta': 0.05239820355231814, 'DirectTabular': 0.0519350891573548, 'ETS': 0.04865486143290097}",0.17509131287685517
연회장_OPUS 2,WeightedEnsemble,-0.18558747480434495,0.18558747480434495,1.0,"{'WeightedEnsemble': 0.23470547855102114, 'TemporalFusionTransformer': 0.23470547855102114, 'Naive': 0.1474661407144782, 'DirectTabular': 0.09427771144806575, 'Chronos[autogluon__chronos-bolt-small]': 0.09295398015260055, 'SeasonalNaive': 0.06841275283330146, 'Theta': 0.06551287990101289, 'ETS': 0.061965577848498876}",0.18558747480434495
미라시아_브런치(대인) 주말,WeightedEnsemble,-0.19470602235236845,0.19470602235236845,2.0,"{'WeightedEnsemble': 0.3047861750587693, 'TemporalFusionTransformer': 0.17713076948248005, 'SeasonalNaive': 0.13607022099319976, 'DirectTabular': 0.10902463944096565, 'Chronos[autogluon__chronos-bolt-small]': 0.08042935316415314, 'ETS': 0.06842898221153784, 'Theta': 0.06533994538400428, 'Naive': 0.058789914264890025}",0.19470602235236845
포레스트릿_카페라떼(HOT),WeightedEnsemble,-0.20240450116860978,0.20240450116860978,1.0,"{'WeightedEnsemble': 0.24874950303039028, 'TemporalFusionTransformer': 0.20888071837973415, 'SeasonalNaive': 0.1540246533836009, 'DirectTabular': 0.11297762739580493, 'Chronos[autogluon__chronos-bolt-small]': 0.07758241396490906, 'ETS': 0.0748628934617366, 'Theta': 0.07246178855244896, 'Naive': 0.05046040183137516}",0.20240450116860978
"느티나무 셀프BBQ_대여료 90,000원",WeightedEnsemble,-0.2070774350294817,0.2070774350294817,1.0,"{'WeightedEnsemble': 0.234864548806021, 'TemporalFusionTransformer': 0.225777712708189, 'SeasonalNaive': 0.11837113269389535, 'DirectTabular': 0.1119112407942617, 'Chronos[autogluon__chronos-bolt-small]': 0.09232116245857748, 'Theta': 0.08432063470890445, 'ETS': 0.06976425680895436, 'Naive': 0.06266931102119672}",0.2070774350294817
화담숲카페_현미뻥스크림,WeightedEnsemble,-0.2078756199981915,0.2078756199981915,1.0,"{'WeightedEnsemble': 0.17991095628483758, 'TemporalFusionTransformer': 0.17733715266514052, 'SeasonalNaive': 0.15368057902811028, 'DirectTabular': 0.1242499046285058, 'Chronos[autogluon__chronos-bolt-small]': 0.10362470657043953, 'Theta': 0.10101581625904067, 'Naive': 0.09146070280732262, 'ETS': 0.06872018175660313}",0.2078756199981915
카페테리아_새우 볶음밥,WeightedEnsemble,-0.2109409911670747,0.2109409911670747,1.0,"{'WeightedEnsemble': 0.18986731410879193, 'TemporalFusionTransformer': 0.17486500561721352, 'Chronos[autogluon__chronos-bolt-small]': 0.13044359982913606, 'DirectTabular': 0.11708395013437174, 'Theta': 0.11001084461038524, 'ETS': 0.1013118399320487, 'SeasonalNaive': 0.08826828581107281, 'Naive': 0.08814915995698015}",0.2109409911670747
화담숲주막_찹쌀식혜,WeightedEnsemble,-0.21118825947753544,0.21118825947753544,1.0,"{'WeightedEnsemble': 0.18451199607127777, 'SeasonalNaive': 0.18451199607127777, 'TemporalFusionTransformer': 0.1432325699992884, 'Theta': 0.10815577416066394, 'Chronos[autogluon__chronos-bolt-small]': 0.10659924665240225, 'DirectTabular': 0.10343231055390088, 'Naive': 0.10000317990479181, 'ETS': 0.06955292658639704}",0.21118825947753544
화담숲카페_아메리카노 HOT,WeightedEnsemble,-0.21196982986646146,0.21196982986646146,1.0,"{'WeightedEnsemble': 0.2063018448028847, 'SeasonalNaive': 0.2063018448028847, 'TemporalFusionTransformer': 0.11204105831970415, 'Theta': 0.10613235923292123, 'DirectTabular': 0.10540816267829121, 'Chronos[autogluon__chronos-bolt-small]': 0.09602803597233049, 'ETS': 0.0849669224642675, 'Naive': 0.08281977172671612}",0.21196982986646146
포레스트릿_페스츄리 소시지,WeightedEnsemble,-0.2145553400670039,0.2145553400670039,1.0,"{'WeightedEnsemble': 0.2476059206879701, 'TemporalFusionTransformer': 0.22618881727744297, 'SeasonalNaive': 0.146374149167863, 'DirectTabular': 0.09025998118131323, 'Theta': 0.08482622143781937, 'Chronos[autogluon__chronos-bolt-small]': 0.08304234856962579, 'ETS': 0.07198171858831232, 'Naive': 0.049720843089653174}",0.2145553400670039
연회장_야채추가,WeightedEnsemble,-0.21622362875799656,0.21622362875799656,1.0,"{'WeightedEnsemble': 0.19789100463932455, 'TemporalFusionTransformer': 0.1977685344245578, 'DirectTabular': 0.13397660510030307, 'SeasonalNaive': 0.13223148346435717, 'Chronos[autogluon__chronos-bolt-small]': 0.10881012873868756, 'Theta': 0.08994322812035296, 'ETS': 0.08827925067359711, 'Naive': 0.05109976483881995}",0.21622362875799656
연회장_Conference L3,WeightedEnsemble,-0.216638946163871,0.216638946163871,1.0,"{'WeightedEnsemble': 0.21666457250189383, 'Naive': 0.21666457250189383, 'TemporalFusionTransformer': 0.14135844937354816, 'Chronos[autogluon__chronos-bolt-small]': 0.1226648563350868, 'SeasonalNaive': 0.0976529252170425, 'Theta': 0.0715600005083233, 'DirectTabular': 0.0676327460248082, 'ETS': 0.06580187753740337}",0.216638946163871
담하_갑오징어 비빔밥,WeightedEnsemble,-0.216638946163871,0.216638946163871,2.0,"{'WeightedEnsemble': 0.20511881217432348, 'SeasonalNaive': 0.20511881217432348, 'Chronos[autogluon__chronos-bolt-small]': 0.1535196746800591, 'TemporalFusionTransformer': 0.14554497269542335, 'ETS': 0.08872512191307957, 'Theta': 0.07837765790278783, 'DirectTabular': 0.06392300613834251, 'Naive': 0.05967194232166081}",0.216638946163871
담하_공깃밥,WeightedEnsemble,-0.23329905144214874,0.23329905144214874,2.0,"{'WeightedEnsemble': 0.17757568766244425, 'TemporalFusionTransformer': 0.1582060461644713, 'DirectTabular': 0.12218953899485623, 'Chronos[autogluon__chronos-bolt-small]': 0.117816301788262, 'SeasonalNaive': 0.11588129432618924, 'ETS': 0.10737297869954002, 'Theta': 0.10392075887524481, 'Naive': 0.09703739348899225}",0.23329905144214874
카페테리아_수제 등심 돈까스,WeightedEnsemble,-0.23338196281282508,0.23338196281282508,1.0,"{'WeightedEnsemble': 0.16100384401455067, 'TemporalFusionTransformer': 0.15772975387292357, 'DirectTabular': 0.1572046100484054, 'Chronos[autogluon__chronos-bolt-small]': 0.11227829328011726, 'ETS': 0.10792039726548, 'Theta': 0.1039815249544705, 'Naive': 0.10136204751743248, 'SeasonalNaive': 0.09851952904662016}",0.23338196281282508
담하_한우 차돌박이 된장찌개,WeightedEnsemble,-0.2357264585104083,0.2357264585104083,2.0,"{'WeightedEnsemble': 0.14704993095210755, 'TemporalFusionTransformer': 0.14398107672289168, 'Naive': 0.13775268012097935, 'ETS': 0.12950667320135142, 'Theta': 0.12385595233569863, 'Chronos[autogluon__chronos-bolt-small]': 0.12266717238966404, 'DirectTabular': 0.11088731431814136, 'SeasonalNaive': 0.0842991999591661}",0.2357264585104083
담하_룸 이용료,WeightedEnsemble,-0.2360660982608378,0.2360660982608378,2.0,"{'WeightedEnsemble': 0.24139992890737952, 'TemporalFusionTransformer': 0.24139992890737952, 'Chronos[autogluon__chronos-bolt-small]': 0.1670673080179308, 'SeasonalNaive': 0.10548228890730875, 'Naive': 0.06631165198284061, 'DirectTabular': 0.06508027405318603, 'ETS': 0.05798246587196788, 'Theta': 0.05527615335200682}",0.2360660982608378
느티나무 셀프BBQ_육개장 사발면,WeightedEnsemble,-0.25383489910092705,0.25383489910092705,1.0,"{'WeightedEnsemble': 0.28482346754271887, 'SeasonalNaive': 0.17194810855339265, 'TemporalFusionTransformer': 0.15713589582061224, 'Chronos[autogluon__chronos-bolt-small]': 0.10476401973581052, 'Theta': 0.07653312967696609, 'DirectTabular': 0.07439987575403278, 'ETS': 0.07259620474008288, 'Naive': 0.05779929817638396}",0.25383489910092705
느티나무 셀프BBQ_일회용 소주컵,WeightedEnsemble,-0.26425799378291864,0.26425799378291864,1.0,"{'WeightedEnsemble': 0.23196977762331114, 'SeasonalNaive': 0.23196977762331114, 'TemporalFusionTransformer': 0.14001504184000832, 'Chronos[autogluon__chronos-bolt-small]': 0.09405390797671995, 'DirectTabular': 0.08355961920003913, 'Theta': 0.08313283686692247, 'ETS': 0.07356334585416602, 'Naive': 0.06173569301552173}",0.26425799378291864
화담숲주막_스프라이트,WeightedEnsemble,-0.26631818551114306,0.26631818551114306,1.0,"{'WeightedEnsemble': 0.1796830684068267, 'SeasonalNaive': 0.1564001574299938, 'TemporalFusionTransformer': 0.1484536090814464, 'Theta': 0.1130038697899862, 'DirectTabular': 0.11130165546088526, 'Chronos[autogluon__chronos-bolt-small]': 0.10292414203111665, 'Naive': 0.09588726696750077, 'ETS': 0.0923462308322444}",0.26631818551114306
느티나무 셀프BBQ_잔디그늘집 대여료 (6인석),WeightedEnsemble,-0.27095936278291677,0.27095936278291677,1.0,"{'WeightedEnsemble': 0.18138265853445884, 'SeasonalNaive': 0.18138265853445884, 'TemporalFusionTransformer': 0.1379589713204001, 'Chronos[autogluon__chronos-bolt-small]': 0.11779798201132091, 'DirectTabular': 0.10939140521546882, 'Theta': 0.1017409965459542, 'Naive': 0.09091503222168715, 'ETS': 0.07943029561625123}",0.27095936278291677
담하_(단체) 은이버섯 갈비탕,WeightedEnsemble,-0.2725326328585657,0.2725326328585657,2.0,"{'WeightedEnsemble': 0.23800360293306208, 'SeasonalNaive': 0.2235613898182127, 'Naive': 0.16819099590406186, 'Chronos[autogluon__chronos-bolt-small]': 0.1376296540646196, 'TemporalFusionTransformer': 0.06558244700717833, 'DirectTabular': 0.058685652448398684, 'Theta': 0.054797215400524166, 'ETS': 0.053549042423942546}",0.2725326328585657
연회장_Cass Beer,WeightedEnsemble,-0.274298825986289,0.274298825986289,1.0,"{'WeightedEnsemble': 0.23902177105807212, 'Naive': 0.23902177105807212, 'Chronos[autogluon__chronos-bolt-small]': 0.1944147540872618, 'SeasonalNaive': 0.10555681771035517, 'TemporalFusionTransformer': 0.0667048524316397, 'DirectTabular': 0.053219166305217246, 'Theta': 0.05124411694000807, 'ETS': 0.05081675040937394}",0.274298825986289
카페테리아_약 고추장 돌솥비빔밥,WeightedEnsemble,-0.2756759727285172,0.2756759727285172,1.0,"{'WeightedEnsemble': 0.14488304676381972, 'TemporalFusionTransformer': 0.14488304676381972, 'Chronos[autogluon__chronos-bolt-small]': 0.13613239717671577, 'DirectTabular': 0.12845316382099975, 'ETS': 0.11854504131839202, 'Theta': 0.11494368259389012, 'Naive': 0.11442984232649098, 'SeasonalNaive': 0.09772977923587216}",0.2756759727285172
연회장_Conference M1,WeightedEnsemble,-0.2771590157523053,0.2771590157523053,1.0,"{'WeightedEnsemble': 0.19822470772099518, 'TemporalFusionTransformer': 0.1982024709912729, 'Naive': 0.17295517835345806, 'Chronos[autogluon__chronos-bolt-small]': 0.1094520451115656, 'SeasonalNaive': 0.09265529375682574, 'DirectTabular': 0.08760405356448785, 'Theta': 0.07059466158870338, 'ETS': 0.07031158891269124}",0.2771590157523053
라그로타_해산물 토마토 스파게티,WeightedEnsemble,-0.28529187632980135,0.28529187632980135,1.0,"{'WeightedEnsemble': 0.1753886019656637, 'TemporalFusionTransformer': 0.1469420470341011, 'ETS': 0.12646327019056827, 'Theta': 0.12322947113157427, 'Chronos[autogluon__chronos-bolt-small]': 0.11804523494755077, 'DirectTabular': 0.11666196072932233, 'Naive': 0.09769355865978027, 'SeasonalNaive': 0.0955758553414392}",0.28529187632980135
담하_담하 한우 불고기 정식,WeightedEnsemble,-0.2944541020961625,0.2944541020961625,2.0,"{'WeightedEnsemble': 0.15652673746606394, 'TemporalFusionTransformer': 0.1551588962077976, 'ETS': 0.12093477264299596, 'SeasonalNaive': 0.1207240561900121, 'Theta': 0.11609626212494506, 'Chronos[autogluon__chronos-bolt-small]': 0.11557971796386833, 'DirectTabular': 0.11033965545799015, 'Naive': 0.1046399019463269}",0.2944541020961625
포레스트릿_아메리카노(ICE),WeightedEnsemble,-0.29754199957389704,0.29754199957389704,1.0,"{'WeightedEnsemble': 0.24359816107496518, 'SeasonalNaive': 0.24359816107496518, 'TemporalFusionTransformer': 0.16410269164052613, 'ETS': 0.08006014154073687, 'DirectTabular': 0.07893325629732555, 'Theta': 0.06551128044434433, 'Naive': 0.06383821795227458, 'Chronos[autogluon__chronos-bolt-small]': 0.060358089974862195}",0.29754199957389704
담하_생목살 김치찌개,WeightedEnsemble,-0.30445924488151543,0.30445924488151543,2.0,"{'WeightedEnsemble': 0.16345621066567673, 'TemporalFusionTransformer': 0.16345621066567673, 'ETS': 0.1170619750079219, 'Theta': 0.11644898469914093, 'Chronos[autogluon__chronos-bolt-small]': 0.11427054070288106, 'SeasonalNaive': 0.11190778175144311, 'DirectTabular': 0.10887259743840944, 'Naive': 0.10452569906884986}",0.30445924488151543
미라시아_보일링 랍스타 플래터(덜매운맛),WeightedEnsemble,-0.308315017245145,0.308315017245145,2.0,"{'WeightedEnsemble': 0.2407292109383731, 'SeasonalNaive': 0.2407292109383731, 'TemporalFusionTransformer': 0.09570053930329801, 'Chronos[autogluon__chronos-bolt-small]': 0.09474461855292339, 'Theta': 0.09416624336576367, 'ETS': 0.09088653465025862, 'DirectTabular': 0.07194155896549348, 'Naive': 0.07110208328551648}",0.308315017245145
화담숲주막_콜라,WeightedEnsemble,-0.3091408596694908,0.3091408596694908,1.0,"{'WeightedEnsemble': 0.16761344621236793, 'SeasonalNaive': 0.16761344621236793, 'TemporalFusionTransformer': 0.13683713453477098, 'DirectTabular': 0.13521482337957527, 'Theta': 0.10957996142896226, 'Chronos[autogluon__chronos-bolt-small]': 0.1055430202282754, 'Naive': 0.09698121725739346, 'ETS': 0.08061695074628668}",0.3091408596694908
담하_(정식) 비빔냉면,WeightedEnsemble,-0.3151952566803573,0.3151952566803573,2.0,"{'WeightedEnsemble': 0.14474116976817356, 'Theta': 0.13574611275754747, 'TemporalFusionTransformer': 0.13373334160992778, 'ETS': 0.1332920134700567, 'Naive': 0.13311637702202336, 'Chronos[autogluon__chronos-bolt-small]': 0.1238097578086765, 'DirectTabular': 0.1135530207523455, 'SeasonalNaive': 0.08200820681124928}",0.3151952566803573
연회장_삼겹살추가 (200g),WeightedEnsemble,-0.3197378909278872,0.3197378909278872,1.0,"{'WeightedEnsemble': 0.22501385887278993, 'TemporalFusionTransformer': 0.18010849227224657, 'DirectTabular': 0.1550514253525826, 'SeasonalNaive': 0.10939482130608844, 'ETS': 0.09952645555480504, 'Theta': 0.0852482777736262, 'Chronos[autogluon__chronos-bolt-small]': 0.078118464215425, 'Naive': 0.06753820465243635}",0.3197378909278872
라그로타_스프라이트,WeightedEnsemble,-0.32181024718634127,0.32181024718634127,1.0,"{'WeightedEnsemble': 0.226062636273221, 'TemporalFusionTransformer': 0.18553676171561514, 'SeasonalNaive': 0.13931492819023733, 'Naive': 0.10399483847576872, 'Chronos[autogluon__chronos-bolt-small]': 0.0957699143288412, 'DirectTabular': 0.08864541014824302, 'Theta': 0.08215629361337197, 'ETS': 0.07851921725470168}",0.32181024718634127
담하_콜라,WeightedEnsemble,-0.3249584192458065,0.3249584192458065,2.0,"{'WeightedEnsemble': 0.2115734738498389, 'Naive': 0.2115734738498389, 'SeasonalNaive': 0.16026284848910352, 'TemporalFusionTransformer': 0.11637326305797589, 'Chronos[autogluon__chronos-bolt-small]': 0.08427626880360493, 'DirectTabular': 0.0730022754688974, 'ETS': 0.0719533152446761, 'Theta': 0.07098508123606424}",0.3249584192458065
미라시아_브런치 4인 패키지 ,WeightedEnsemble,-0.32714510763720467,0.32714510763720467,2.0,"{'WeightedEnsemble': 0.20034326526438972, 'Chronos[autogluon__chronos-bolt-small]': 0.18429853233307406, 'TemporalFusionTransformer': 0.18250549672543162, 'Naive': 0.1211018408005488, 'SeasonalNaive': 0.08958539918754595, 'DirectTabular': 0.07919156367408822, 'Theta': 0.07195395559433518, 'ETS': 0.07101994642058648}",0.32714510763720467
담하_명태회 비빔냉면,WeightedEnsemble,-0.3301371931170286,0.3301371931170286,2.0,"{'WeightedEnsemble': 0.16500873366885024, 'TemporalFusionTransformer': 0.14130729909224032, 'DirectTabular': 0.14001428411588204, 'Naive': 0.13018934428921056, 'Theta': 0.12320175479430381, 'ETS': 0.10493814900464801, 'Chronos[autogluon__chronos-bolt-small]': 0.09840210066875499, 'SeasonalNaive': 0.09693833436610994}",0.3301371931170286
담하_더덕 한우 지짐,WeightedEnsemble,-0.34141785356940785,0.34141785356940785,2.0,"{'WeightedEnsemble': 0.17075212062385547, 'ETS': 0.16168924044824684, 'Theta': 0.1498761146483292, 'DirectTabular': 0.13082511938187857, 'TemporalFusionTransformer': 0.11866974376332184, 'Naive': 0.10592491953716647, 'SeasonalNaive': 0.09538702612513308, 'Chronos[autogluon__chronos-bolt-small]': 0.06687571547206848}",0.34141785356940785
연회장_골뱅이무침,WeightedEnsemble,-0.3469824115824857,0.3469824115824857,1.0,"{'WeightedEnsemble': 0.2193946213445948, 'TemporalFusionTransformer': 0.21010510633685248, 'SeasonalNaive': 0.13031284348454705, 'Theta': 0.10684949104924868, 'ETS': 0.10004159634475278, 'Chronos[autogluon__chronos-bolt-small]': 0.08559872217567215, 'DirectTabular': 0.07601525965250239, 'Naive': 0.07168235961182971}",0.3469824115824857
포레스트릿_카페라떼(ICE),WeightedEnsemble,-0.34699931805499296,0.34699931805499296,1.0,"{'WeightedEnsemble': 0.23879911693178743, 'SeasonalNaive': 0.23879911693178743, 'TemporalFusionTransformer': 0.11785974649471669, 'Chronos[autogluon__chronos-bolt-small]': 0.08840870764813842, 'Theta': 0.0830054520152965, 'DirectTabular': 0.0825239454006174, 'ETS': 0.07877496743090072, 'Naive': 0.0718289471467554}",0.34699931805499296
미라시아_얼그레이 하이볼,WeightedEnsemble,-0.34841692744714015,0.34841692744714015,2.0,"{'WeightedEnsemble': 0.21605997413436065, 'Naive': 0.21605997413436065, 'TemporalFusionTransformer': 0.14921081558434568, 'SeasonalNaive': 0.10066259256996626, 'ETS': 0.09112673963233196, 'Theta': 0.0840978740862387, 'DirectTabular': 0.0732251087924654, 'Chronos[autogluon__chronos-bolt-small]': 0.06955692106593055}",0.34841692744714015
담하_(정식) 된장찌개,WeightedEnsemble,-0.3491541019957581,0.3491541019957581,2.0,"{'WeightedEnsemble': 0.1609518154111713, 'TemporalFusionTransformer': 0.1531557723444405, 'Chronos[autogluon__chronos-bolt-small]': 0.13072935335969912, 'Theta': 0.12226328744118445, 'ETS': 0.11416846764347109, 'DirectTabular': 0.10993343692097594, 'SeasonalNaive': 0.10447442811918735, 'Naive': 0.10432343875987027}",0.3491541019957581
포레스트릿_코카콜라,WeightedEnsemble,-0.3613629708700461,0.3613629708700461,1.0,"{'WeightedEnsemble': 0.20537565192605683, 'SeasonalNaive': 0.20537565192605683, 'TemporalFusionTransformer': 0.18789863979123575, 'DirectTabular': 0.09502358686915573, 'Chronos[autogluon__chronos-bolt-small]': 0.09260528243988339, 'Theta': 0.07711531458639073, 'ETS': 0.07187185861208098, 'Naive': 0.06473401384913986}",0.3613629708700461
느티나무 셀프BBQ_잔디그늘집 대여료 (12인석),WeightedEnsemble,-0.36855053890517087,0.36855053890517087,1.0,"{'WeightedEnsemble': 0.16706663602431102, 'SeasonalNaive': 0.16706663602431102, 'TemporalFusionTransformer': 0.12326665366980738, 'Theta': 0.11645706156608328, 'Chronos[autogluon__chronos-bolt-small]': 0.11276668174682579, 'ETS': 0.1117751870550987, 'DirectTabular': 0.11118463810150722, 'Naive': 0.09041650581205572}",0.36855053890517087
담하_처음처럼,WeightedEnsemble,-0.3738152077424779,0.3738152077424779,2.0,"{'WeightedEnsemble': 0.21907355045779353, 'SeasonalNaive': 0.21907355045779353, 'TemporalFusionTransformer': 0.13330670017289883, 'Chronos[autogluon__chronos-bolt-small]': 0.10511808830837091, 'DirectTabular': 0.09509153081402255, 'Theta': 0.08332749757946961, 'ETS': 0.07857058425067578, 'Naive': 0.0664384979589754}",0.3738152077424779
연회장_매콤 무뼈닭발&계란찜,WeightedEnsemble,-0.37910900580598095,0.37910900580598095,1.0,"{'WeightedEnsemble': 0.20318940512869066, 'TemporalFusionTransformer': 0.19948838609968395, 'SeasonalNaive': 0.13739185203529913, 'DirectTabular': 0.12569134342766936, 'Theta': 0.09204268274246542, 'ETS': 0.08727774966870332, 'Chronos[autogluon__chronos-bolt-small]': 0.08617887760954414, 'Naive': 0.06873970328794407}",0.37910900580598095
담하_명인안동소주,WeightedEnsemble,-0.38849673286752984,0.38849673286752984,2.0,"{'WeightedEnsemble': 0.21305267534523478, 'TemporalFusionTransformer': 0.21305267534523478, 'Chronos[autogluon__chronos-bolt-small]': 0.1516090672584144, 'SeasonalNaive': 0.0972534420508416, 'Theta': 0.08945360287796485, 'ETS': 0.08381549120605379, 'Naive': 0.08159747135885007, 'DirectTabular': 0.07016557455740578}",0.38849673286752984
카페테리아_돼지고기 김치찌개,WeightedEnsemble,-0.3913531953587016,0.3913531953587016,1.0,"{'WeightedEnsemble': 0.17463819613081483, 'TemporalFusionTransformer': 0.15828698905037009, 'DirectTabular': 0.13606719955533922, 'Chronos[autogluon__chronos-bolt-small]': 0.11661379208141241, 'Theta': 0.10670392611867364, 'ETS': 0.10479644450144765, 'SeasonalNaive': 0.1015475991785976, 'Naive': 0.10134585338334465}",0.3913531953587016
카페테리아_짜장면,WeightedEnsemble,-0.3952006916520357,0.3952006916520357,1.0,"{'WeightedEnsemble': 0.15661424489810183, 'DirectTabular': 0.15661424489810183, 'TemporalFusionTransformer': 0.15535522754208975, 'Chronos[autogluon__chronos-bolt-small]': 0.12151090599759201, 'Theta': 0.11682121466448943, 'ETS': 0.10398481496311128, 'Naive': 0.0953053155868672, 'SeasonalNaive': 0.09379403144964668}",0.3952006916520357
미라시아_스프라이트,WeightedEnsemble,-0.3963319123647648,0.3963319123647648,2.0,"{'WeightedEnsemble': 0.22264046192444478, 'SeasonalNaive': 0.22264046192444478, 'TemporalFusionTransformer': 0.1102658337411832, 'Chronos[autogluon__chronos-bolt-small]': 0.10742298398428132, 'Theta': 0.09157125937006245, 'DirectTabular': 0.08847226131960112, 'ETS': 0.08800719733334554, 'Naive': 0.0689795404026368}",0.3963319123647648
포레스트릿_떡볶이,WeightedEnsemble,-0.39768420501105306,0.39768420501105306,1.0,"{'WeightedEnsemble': 0.22343095872882052, 'SeasonalNaive': 0.22343095872882052, 'TemporalFusionTransformer': 0.13394936550529804, 'Theta': 0.0908720105529007, 'DirectTabular': 0.08765794450617198, 'Chronos[autogluon__chronos-bolt-small]': 0.084739323584752, 'ETS': 0.07994183490343783, 'Naive': 0.07597760348979848}",0.39768420501105306
라그로타_Gls.Sileni,WeightedEnsemble,-0.40134321206959245,0.40134321206959245,1.0,"{'WeightedEnsemble': 0.17723047796263391, 'SeasonalNaive': 0.17723047796263391, 'TemporalFusionTransformer': 0.1278921272989113, 'ETS': 0.1195889804977124, 'Theta': 0.11249427354003617, 'DirectTabular': 0.10004168031154995, 'Chronos[autogluon__chronos-bolt-small]': 0.0994233370914873, 'Naive': 0.08609864533503513}",0.40134321206959245
미라시아_브런치 2인 패키지 ,WeightedEnsemble,-0.4084401971739573,0.4084401971739573,2.0,"{'WeightedEnsemble': 0.17179178548781487, 'TemporalFusionTransformer': 0.163939216128626, 'DirectTabular': 0.12787197221971902, 'Chronos[autogluon__chronos-bolt-small]': 0.12117700472823834, 'Theta': 0.10979101787775106, 'ETS': 0.10752137508066051, 'Naive': 0.09990477547791278, 'SeasonalNaive': 0.09800285299927734}",0.4084401971739573
미라시아_BBQ 고기추가,WeightedEnsemble,-0.4107263884604144,0.4107263884604144,2.0,"{'WeightedEnsemble': 0.1886818429042169, 'TemporalFusionTransformer': 0.1886818429042169, 'SeasonalNaive': 0.16987215268892197, 'Chronos[autogluon__chronos-bolt-small]': 0.10805625984115823, 'DirectTabular': 0.10591300031054725, 'Theta': 0.09322924780179391, 'ETS': 0.08463739679422137, 'Naive': 0.06092825675492343}",0.4107263884604144
연회장_모둠 돈육구이(3인),WeightedEnsemble,-0.4114138604380533,0.4114138604380533,1.0,"{'WeightedEnsemble': 0.2004013640255486, 'TemporalFusionTransformer': 0.19501528158345874, 'SeasonalNaive': 0.157834712227165, 'Chronos[autogluon__chronos-bolt-small]': 0.09348806647658024, 'Theta': 0.09263254869217416, 'ETS': 0.09184506944989546, 'DirectTabular': 0.08791794066709378, 'Naive': 0.08086501687808409}",0.4114138604380533
연회장_돈목살 김치찌개 (밥포함),WeightedEnsemble,-0.4164065853097937,0.4164065853097937,1.0,"{'WeightedEnsemble': 0.19426358498290058, 'TemporalFusionTransformer': 0.18080947984367346, 'SeasonalNaive': 0.14883590948749065, 'DirectTabular': 0.1151135963183986, 'Chronos[autogluon__chronos-bolt-small]': 0.09864971233435614, 'ETS': 0.09155470156620805, 'Theta': 0.09154143843073792, 'Naive': 0.07923157703623468}",0.4164065853097937
담하_(후식) 된장찌개,WeightedEnsemble,-0.4171610060539366,0.4171610060539366,2.0,"{'WeightedEnsemble': 0.16816298000961888, 'DirectTabular': 0.1597554853699704, 'TemporalFusionTransformer': 0.14707421754137665, 'Chronos[autogluon__chronos-bolt-small]': 0.12391969368870798, 'ETS': 0.11921858830021807, 'Theta': 0.11061546077431661, 'Naive': 0.09333510988881358, 'SeasonalNaive': 0.07791846442697788}",0.4171610060539366
라그로타_G-Charge(3),WeightedEnsemble,-0.4189058306038932,0.4189058306038932,1.0,"{'WeightedEnsemble': 0.2034630883961702, 'TemporalFusionTransformer': 0.2034630883961702, 'Chronos[autogluon__chronos-bolt-small]': 0.1233766798160758, 'DirectTabular': 0.10314617097578731, 'SeasonalNaive': 0.09580736474315146, 'ETS': 0.09359372153430304, 'Theta': 0.09232419555259408, 'Naive': 0.08482569058574795}",0.4189058306038932
느티나무 셀프BBQ_친환경 접시 23cm,WeightedEnsemble,-0.42207832941717544,0.42207832941717544,1.0,"{'WeightedEnsemble': 0.18857949100787094, 'TemporalFusionTransformer': 0.18018165300772376, 'SeasonalNaive': 0.13054798791910643, 'DirectTabular': 0.10080737252461305, 'ETS': 0.10062685091749256, 'Chronos[autogluon__chronos-bolt-small]': 0.10051713492848173, 'Theta': 0.0994011907249228, 'Naive': 0.09933831896978873}",0.42207832941717544
담하_하동 매실 칵테일,WeightedEnsemble,-0.42481646818750485,0.42481646818750485,2.0,"{'WeightedEnsemble': 0.19611786316615065, 'TemporalFusionTransformer': 0.19611786316615065, 'Chronos[autogluon__chronos-bolt-small]': 0.12189358741684553, 'SeasonalNaive': 0.12133967077542394, 'DirectTabular': 0.09951510965263864, 'Theta': 0.09079704108541065, 'Naive': 0.08711495833255674, 'ETS': 0.08710390640482317}",0.42481646818750485
담하_봉평메밀 물냉면,WeightedEnsemble,-0.4308830817565028,0.4308830817565028,2.0,"{'WeightedEnsemble': 0.14028767801587533, 'TemporalFusionTransformer': 0.13665936942461945, 'SeasonalNaive': 0.12925944599919284, 'Chronos[autogluon__chronos-bolt-small]': 0.12296698899000925, 'Theta': 0.12190190815466449, 'Naive': 0.11871441232605445, 'ETS': 0.11583531336414285, 'DirectTabular': 0.11437488372544131}",0.4308830817565028
담하_한우 우거지 국밥,WeightedEnsemble,-0.43278747509284965,0.43278747509284965,2.0,"{'WeightedEnsemble': 0.15411599163213313, 'TemporalFusionTransformer': 0.14463525770233485, 'Chronos[autogluon__chronos-bolt-small]': 0.13025176279602663, 'DirectTabular': 0.12580170353434267, 'Theta': 0.12161350509901979, 'ETS': 0.11679471874546798, 'Naive': 0.10417256926788755, 'SeasonalNaive': 0.1026144912227874}",0.43278747509284965
연회장_Conference L2,WeightedEnsemble,-0.433277892327742,0.433277892327742,1.0,"{'WeightedEnsemble': 0.16180404088295008, 'Naive': 0.16180404088295008, 'TemporalFusionTransformer': 0.16009113019740828, 'Chronos[autogluon__chronos-bolt-small]': 0.14204897345176803, 'DirectTabular': 0.11172956699116944, 'SeasonalNaive': 0.09674932285062043, 'Theta': 0.08556493206707731, 'ETS': 0.08020799267605626}",0.433277892327742
연회장_Conference M8,WeightedEnsemble,-0.43327789232774205,0.43327789232774205,1.0,"{'WeightedEnsemble': 0.16695429328269407, 'Naive': 0.16695429328269407, 'Chronos[autogluon__chronos-bolt-small]': 0.15605654054747428, 'TemporalFusionTransformer': 0.1378032867461476, 'SeasonalNaive': 0.09982887160271543, 'DirectTabular': 0.09569729223259911, 'ETS': 0.0883936168758992, 'Theta': 0.08831180542977614}",0.43327789232774205
느티나무 셀프BBQ_쌈야채세트,WeightedEnsemble,-0.4342625516428299,0.4342625516428299,1.0,"{'WeightedEnsemble': 0.15924593829831526, 'SeasonalNaive': 0.15924593829831526, 'TemporalFusionTransformer': 0.1579186783829078, 'Theta': 0.10761008916078957, 'DirectTabular': 0.10560585101043748, 'ETS': 0.10500798734196945, 'Chronos[autogluon__chronos-bolt-small]': 0.10498942126867981, 'Naive': 0.10037609623858547}",0.4342625516428299
느티나무 셀프BBQ_BBQ55(단체),WeightedEnsemble,-0.4355218003227956,0.4355218003227956,1.0,"{'WeightedEnsemble': 0.23805375092180756, 'TemporalFusionTransformer': 0.19045063678460747, 'Naive': 0.11446026846656275, 'DirectTabular': 0.10880040437804615, 'SeasonalNaive': 0.09839811596476704, 'ETS': 0.0963328940103166, 'Theta': 0.07967015412723896, 'Chronos[autogluon__chronos-bolt-small]': 0.07383377534665334}",0.4355218003227956
연회장_로제 치즈떡볶이,WeightedEnsemble,-0.4370499472723163,0.4370499472723163,1.0,"{'WeightedEnsemble': 0.18234685436272685, 'TemporalFusionTransformer': 0.18234685436272685, 'DirectTabular': 0.1357649517175629, 'SeasonalNaive': 0.1127724183593366, 'ETS': 0.1095921541168182, 'Chronos[autogluon__chronos-bolt-small]': 0.10756641730309355, 'Theta': 0.09854763574856805, 'Naive': 0.071062714029167}",0.4370499472723163
담하_담하 한우 불고기,WeightedEnsemble,-0.44139466252042836,0.44139466252042836,2.0,"{'WeightedEnsemble': 0.14908078044229908, 'TemporalFusionTransformer': 0.14739676743648986, 'DirectTabular': 0.1401382281156904, 'SeasonalNaive': 0.11495215714596725, 'ETS': 0.11492416656304137, 'Theta': 0.11363745486034206, 'Chronos[autogluon__chronos-bolt-small]': 0.11212404073970834, 'Naive': 0.10774640469646173}",0.44139466252042836
연회장_Grand Ballroom,WeightedEnsemble,-0.44500714642840883,0.44500714642840883,1.0,"{'WeightedEnsemble': 0.17289184708606986, 'Naive': 0.17289184708606986, 'TemporalFusionTransformer': 0.15443646955279514, 'Chronos[autogluon__chronos-bolt-small]': 0.11394234403891067, 'DirectTabular': 0.10983474420746894, 'Theta': 0.09694589040491249, 'SeasonalNaive': 0.09104404105039299, 'ETS': 0.08801281657338013}",0.44500714642840883
미라시아_버드와이저(무제한),WeightedEnsemble,-0.4475748171671622,0.4475748171671622,2.0,"{'WeightedEnsemble': 0.1669546320429446, 'DirectTabular': 0.14446964389729636, 'TemporalFusionTransformer': 0.13643329237067203, 'Chronos[autogluon__chronos-bolt-small]': 0.12616047107295866, 'ETS': 0.12367294963002236, 'Theta': 0.1228335694501975, 'Naive': 0.0929214372877347, 'SeasonalNaive': 0.08655400424817379}",0.4475748171671622
미라시아_잭 애플 토닉,WeightedEnsemble,-0.45041965641523807,0.45041965641523807,2.0,"{'WeightedEnsemble': 0.17659137575898617, 'Chronos[autogluon__chronos-bolt-small]': 0.16871888567123014, 'TemporalFusionTransformer': 0.1664455843719073, 'SeasonalNaive': 0.14647090435844912, 'Naive': 0.10933658178653179, 'DirectTabular': 0.08469141545628713, 'Theta': 0.07412443473338601, 'ETS': 0.0736208178632224}",0.45041965641523807
라그로타_시저 샐러드 ,WeightedEnsemble,-0.4581960517851491,0.4581960517851491,1.0,"{'WeightedEnsemble': 0.1550807894079311, 'DirectTabular': 0.14980432488821824, 'TemporalFusionTransformer': 0.13985126066668163, 'Theta': 0.13324709663928178, 'ETS': 0.12238553147616082, 'Naive': 0.10602247399503675, 'Chronos[autogluon__chronos-bolt-small]': 0.0981492324366961, 'SeasonalNaive': 0.0954592904899935}",0.4581960517851491
포레스트릿_치즈 핫도그,WeightedEnsemble,-0.4604848816683324,0.4604848816683324,1.0,"{'WeightedEnsemble': 0.21908190143515874, 'SeasonalNaive': 0.21908190143515874, 'Theta': 0.10548087907773333, 'Chronos[autogluon__chronos-bolt-small]': 0.10496249345138073, 'DirectTabular': 0.0947401223019845, 'ETS': 0.09314643039414244, 'TemporalFusionTransformer': 0.08238525626591714, 'Naive': 0.08112101563852453}",0.4604848816683324
연회장_공깃밥,WeightedEnsemble,-0.46383783343171364,0.46383783343171364,1.0,"{'WeightedEnsemble': 0.19036501286730967, 'SeasonalNaive': 0.19036501286730967, 'Chronos[autogluon__chronos-bolt-small]': 0.14347257271234126, 'DirectTabular': 0.11895550020227932, 'ETS': 0.10389524421751771, 'Theta': 0.09941156430643706, 'TemporalFusionTransformer': 0.07950561105035515, 'Naive': 0.07402948177645015}",0.46383783343171364
미라시아_브런치(대인) 주중,WeightedEnsemble,-0.4642027934860377,0.4642027934860377,2.0,"{'WeightedEnsemble': 0.16210801446101705, 'TemporalFusionTransformer': 0.15616309960972197, 'Chronos[autogluon__chronos-bolt-small]': 0.13220834646387333, 'SeasonalNaive': 0.12914617304261497, 'ETS': 0.12719044266957824, 'DirectTabular': 0.1193348994340469, 'Theta': 0.11414639787880822, 'Naive': 0.05970262644033931}",0.4642027934860377
라그로타_버섯 크림 리조또,WeightedEnsemble,-0.46816453759094856,0.46816453759094856,1.0,"{'WeightedEnsemble': 0.1654335694314156, 'TemporalFusionTransformer': 0.14766946589594157, 'SeasonalNaive': 0.13496493561361958, 'DirectTabular': 0.1268264289779548, 'Theta': 0.11253478698060561, 'Naive': 0.10822743669282699, 'Chronos[autogluon__chronos-bolt-small]': 0.10756258357304568, 'ETS': 0.09678079283459012}",0.46816453759094856
미라시아_파스타면 추가(150g),WeightedEnsemble,-0.4684246584999656,0.4684246584999656,2.0,"{'WeightedEnsemble': 0.18901798580037174, 'SeasonalNaive': 0.18901798580037174, 'Chronos[autogluon__chronos-bolt-small]': 0.12822365094066754, 'TemporalFusionTransformer': 0.12200379790408261, 'Theta': 0.10403150875086714, 'ETS': 0.10166166079554918, 'DirectTabular': 0.09544412853663178, 'Naive': 0.07059928147145818}",0.4684246584999656
느티나무 셀프BBQ_일회용 종이컵,WeightedEnsemble,-0.47340999604144157,0.47340999604144157,1.0,"{'WeightedEnsemble': 0.18499733225183881, 'SeasonalNaive': 0.18499733225183881, 'Theta': 0.12058302781284885, 'ETS': 0.11233966654991888, 'DirectTabular': 0.10578519941994924, 'Chronos[autogluon__chronos-bolt-small]': 0.10279711229127418, 'TemporalFusionTransformer': 0.1020247176889504, 'Naive': 0.08647561173338085}",0.47340999604144157
담하_느린마을 막걸리,WeightedEnsemble,-0.47581009156480014,0.47581009156480014,2.0,"{'WeightedEnsemble': 0.1873573819067626, 'SeasonalNaive': 0.1873573819067626, 'TemporalFusionTransformer': 0.1115547050750721, 'ETS': 0.1093880152887981, 'Theta': 0.1076931385437803, 'Naive': 0.1054067100407763, 'DirectTabular': 0.10046171507675578, 'Chronos[autogluon__chronos-bolt-small]': 0.09078095216129202}",0.47581009156480014
느티나무 셀프BBQ_잔디그늘집 의자 추가,WeightedEnsemble,-0.4761527822654787,0.4761527822654787,1.0,"{'WeightedEnsemble': 0.1886910762233234, 'TemporalFusionTransformer': 0.15335883965827993, 'DirectTabular': 0.13898399995293664, 'Chronos[autogluon__chronos-bolt-small]': 0.122863341245211, 'SeasonalNaive': 0.11549026937959261, 'Theta': 0.096373197395836, 'ETS': 0.09532634299919195, 'Naive': 0.08891293314562858}",0.4761527822654787
느티나무 셀프BBQ_쌈장,WeightedEnsemble,-0.47663012434133045,0.47663012434133045,1.0,"{'WeightedEnsemble': 0.17559991371492356, 'TemporalFusionTransformer': 0.17559991371492356, 'Naive': 0.1250467086699308, 'DirectTabular': 0.1184895624310262, 'Chronos[autogluon__chronos-bolt-small]': 0.10356649997299557, 'SeasonalNaive': 0.10276134230001811, 'Theta': 0.10030308900328727, 'ETS': 0.09863297019289478}",0.47663012434133045
라그로타_하이네켄(생),WeightedEnsemble,-0.47702394304121204,0.47702394304121204,1.0,"{'WeightedEnsemble': 0.15399914141734417, 'TemporalFusionTransformer': 0.14126386892847306, 'SeasonalNaive': 0.1260493914386385, 'Theta': 0.12330441231488504, 'Naive': 0.12273906716933175, 'DirectTabular': 0.11914482669767655, 'ETS': 0.11322303674721954, 'Chronos[autogluon__chronos-bolt-small]': 0.10027625528643135}",0.47702394304121204
미라시아_BBQ Platter,WeightedEnsemble,-0.4775173510486358,0.4775173510486358,2.0,"{'WeightedEnsemble': 0.15209804305942434, 'DirectTabular': 0.1428720848129257, 'TemporalFusionTransformer': 0.13597042960573041, 'Theta': 0.12701770047671485, 'Chronos[autogluon__chronos-bolt-small]': 0.1260841278508486, 'ETS': 0.12487868926375338, 'Naive': 0.09630768113666517, 'SeasonalNaive': 0.09477124379393745}",0.4775173510486358
담하_(단체) 공깃밥,WeightedEnsemble,-0.47972886115326063,0.47972886115326063,2.0,"{'WeightedEnsemble': 0.1645518286780601, 'Naive': 0.1645518286780601, 'Chronos[autogluon__chronos-bolt-small]': 0.1598526888754428, 'TemporalFusionTransformer': 0.13722710978564304, 'SeasonalNaive': 0.12898773408104605, 'ETS': 0.08922411058207332, 'DirectTabular': 0.07882816958001163, 'Theta': 0.07677652973966292}",0.47972886115326063
연회장_마라샹궈,WeightedEnsemble,-0.48426145190435066,0.48426145190435066,1.0,"{'WeightedEnsemble': 0.17196658105609208, 'TemporalFusionTransformer': 0.16897772268703973, 'DirectTabular': 0.132798881758498, 'Chronos[autogluon__chronos-bolt-small]': 0.12184831578116016, 'SeasonalNaive': 0.1185329453014685, 'ETS': 0.10130376643799288, 'Theta': 0.0978363052243135, 'Naive': 0.0867354817534351}",0.48426145190435066
연회장_주먹밥 (2ea),WeightedEnsemble,-0.490995324324523,0.490995324324523,1.0,"{'WeightedEnsemble': 0.1887047040638542, 'SeasonalNaive': 0.1887047040638542, 'TemporalFusionTransformer': 0.14194041181705264, 'Chronos[autogluon__chronos-bolt-small]': 0.11272370908932178, 'DirectTabular': 0.10682418738243765, 'Theta': 0.10132484964656256, 'ETS': 0.08511547534910521, 'Naive': 0.07466195858781181}",0.490995324324523
담하_은이버섯 갈비탕,WeightedEnsemble,-0.4953166229837811,0.4953166229837811,2.0,"{'WeightedEnsemble': 0.14908234048991312, 'TemporalFusionTransformer': 0.14908234048991312, 'Chronos[autogluon__chronos-bolt-small]': 0.14010175745787173, 'ETS': 0.13601411640440478, 'Theta': 0.13195255497904185, 'DirectTabular': 0.12128622818913218, 'Naive': 0.10276789727737293, 'SeasonalNaive': 0.06971276471235029}",0.4953166229837811
연회장_Cookie Platter,WeightedEnsemble,-0.5037851245395696,0.5037851245395696,1.0,"{'WeightedEnsemble': 0.18947627560275654, 'Naive': 0.18947627560275654, 'TemporalFusionTransformer': 0.13263780744132492, 'DirectTabular': 0.10475869819249402, 'Chronos[autogluon__chronos-bolt-small]': 0.09951938810489928, 'SeasonalNaive': 0.09918803979878588, 'Theta': 0.09598592688999123, 'ETS': 0.08895758836699158}",0.5037851245395696
담하_문막 복분자 칵테일,WeightedEnsemble,-0.5040265641332389,0.5040265641332389,2.0,"{'WeightedEnsemble': 0.163862520263964, 'Chronos[autogluon__chronos-bolt-small]': 0.16359585950194633, 'TemporalFusionTransformer': 0.14693836324208118, 'DirectTabular': 0.13789684097293897, 'SeasonalNaive': 0.125500806057457, 'Theta': 0.08974587820307404, 'Naive': 0.08757842364691286, 'ETS': 0.0848813081116256}",0.5040265641332389
포레스트릿_꼬치어묵,WeightedEnsemble,-0.5044268256767162,0.5044268256767162,1.0,"{'WeightedEnsemble': 0.2060043596281146, 'SeasonalNaive': 0.2060043596281146, 'TemporalFusionTransformer': 0.16001282163232725, 'Theta': 0.0912674328274073, 'Chronos[autogluon__chronos-bolt-small]': 0.0876268709589179, 'DirectTabular': 0.08596070359338914, 'ETS': 0.08182576882935354, 'Naive': 0.0812976829023759}",0.5044268256767162
느티나무 셀프BBQ_허브솔트,WeightedEnsemble,-0.5049793580640821,0.5049793580640821,1.0,"{'WeightedEnsemble': 0.16738650381058737, 'TemporalFusionTransformer': 0.1552127871151853, 'SeasonalNaive': 0.13272441713731392, 'DirectTabular': 0.11635015062494913, 'ETS': 0.10988017969947908, 'Theta': 0.10969399493526731, 'Chronos[autogluon__chronos-bolt-small]': 0.10739855645537447, 'Naive': 0.10135341022184338}",0.5049793580640821
담하_한우 미역국 정식,WeightedEnsemble,-0.5062483428086433,0.5062483428086433,2.0,"{'WeightedEnsemble': 0.16225503598334795, 'SeasonalNaive': 0.15276497028266608, 'TemporalFusionTransformer': 0.1368282020559001, 'DirectTabular': 0.12041855013122336, 'Theta': 0.11283212556518879, 'ETS': 0.11044893468361634, 'Chronos[autogluon__chronos-bolt-small]': 0.10587288390788133, 'Naive': 0.09857929739017594}",0.5062483428086433
라그로타_양갈비 (4ps),WeightedEnsemble,-0.5096122134176537,0.5096122134176537,1.0,"{'WeightedEnsemble': 0.17960212248573945, 'SeasonalNaive': 0.17960212248573945, 'TemporalFusionTransformer': 0.14156838840816657, 'ETS': 0.10687035021590863, 'Naive': 0.10668660209279453, 'DirectTabular': 0.10361006456199272, 'Theta': 0.10135027093805397, 'Chronos[autogluon__chronos-bolt-small]': 0.08071007881160476}",0.5096122134176537
카페테리아_치즈돈까스,WeightedEnsemble,-0.5109438996855865,0.5109438996855865,1.0,"{'WeightedEnsemble': 0.1656513845446397, 'TemporalFusionTransformer': 0.14686280180298117, 'SeasonalNaive': 0.13958885983954852, 'DirectTabular': 0.12325359792922838, 'Chronos[autogluon__chronos-bolt-small]': 0.11989917313932683, 'Theta': 0.1046144039911281, 'ETS': 0.10163084502149697, 'Naive': 0.09849893373165025}",0.5109438996855865
담하_(정식) 물냉면 ,WeightedEnsemble,-0.5313824591898575,0.5313824591898575,2.0,"{'WeightedEnsemble': 0.14194236134343924, 'DirectTabular': 0.14050166590191496, 'TemporalFusionTransformer': 0.13200885215761812, 'Naive': 0.13137912512130223, 'SeasonalNaive': 0.1252828167288333, 'Theta': 0.11158193578880574, 'Chronos[autogluon__chronos-bolt-small]': 0.10929665027809525, 'ETS': 0.10800659267999115}",0.5313824591898575
포레스트릿_스프라이트,WeightedEnsemble,-0.5327246627661473,0.5327246627661473,1.0,"{'WeightedEnsemble': 0.18371420334254102, 'SeasonalNaive': 0.1645141118813094, 'Chronos[autogluon__chronos-bolt-small]': 0.1356057101519998, 'TemporalFusionTransformer': 0.1352400027243175, 'DirectTabular': 0.12340700376612643, 'Theta': 0.0943358703024062, 'Naive': 0.08704837173118148, 'ETS': 0.076134726100118}",0.5327246627661473
라그로타_미션 서드 카베르네 쉬라,WeightedEnsemble,-0.5399420347176934,0.5399420347176934,1.0,"{'WeightedEnsemble': 0.18219375650722686, 'SeasonalNaive': 0.17303386560549425, 'TemporalFusionTransformer': 0.13605717285675858, 'Chronos[autogluon__chronos-bolt-small]': 0.12285775645367301, 'ETS': 0.10497822405966283, 'Theta': 0.1030419430424222, 'DirectTabular': 0.09366613367879771, 'Naive': 0.08417114779596452}",0.5399420347176934
라그로타_해산물 토마토 스튜 파스타,WeightedEnsemble,-0.5403344892531563,0.5403344892531563,1.0,"{'WeightedEnsemble': 0.15779475314880786, 'TemporalFusionTransformer': 0.14216607245710058, 'DirectTabular': 0.13677408385483775, 'SeasonalNaive': 0.1310117272745188, 'Theta': 0.11700157560298287, 'Naive': 0.10682262443554096, 'Chronos[autogluon__chronos-bolt-small]': 0.10489226930410477, 'ETS': 0.10353689392210659}",0.5403344892531563
연회장_왕갈비치킨,WeightedEnsemble,-0.5451229721210206,0.5451229721210206,1.0,"{'WeightedEnsemble': 0.17611240198541314, 'TemporalFusionTransformer': 0.17611240198541314, 'SeasonalNaive': 0.14753340011376134, 'DirectTabular': 0.11737379116167712, 'ETS': 0.09880256760043502, 'Theta': 0.09876051962572474, 'Chronos[autogluon__chronos-bolt-small]': 0.09734759628858243, 'Naive': 0.08795732123899312}",0.5451229721210206
담하_(단체) 한우 우거지 국밥,WeightedEnsemble,-0.5471441392086175,0.5471441392086175,2.0,"{'WeightedEnsemble': 0.1845826236318651, 'Chronos[autogluon__chronos-bolt-small]': 0.1845826236318651, 'TemporalFusionTransformer': 0.15694740826053422, 'SeasonalNaive': 0.1210195702738421, 'Naive': 0.11747586754473567, 'ETS': 0.08236490974494569, 'Theta': 0.07785352238487551, 'DirectTabular': 0.07517347452733665}",0.5471441392086175
미라시아_쉬림프 투움바 파스타,WeightedEnsemble,-0.5475406352357478,0.5475406352357478,2.0,"{'WeightedEnsemble': 0.15206383007523827, 'TemporalFusionTransformer': 0.15206383007523827, 'DirectTabular': 0.12264842053293662, 'Chronos[autogluon__chronos-bolt-small]': 0.12251597260316557, 'Theta': 0.12114988870056059, 'ETS': 0.11856797506631282, 'Naive': 0.1064992476848106, 'SeasonalNaive': 0.10449083526173737}",0.5475406352357478
느티나무 셀프BBQ_신라면,WeightedEnsemble,-0.5514742717499899,0.5514742717499899,1.0,"{'WeightedEnsemble': 0.16234518719451163, 'SeasonalNaive': 0.16234518719451163, 'TemporalFusionTransformer': 0.14370414750321325, 'DirectTabular': 0.11350027139903802, 'Theta': 0.11066476599816866, 'Chronos[autogluon__chronos-bolt-small]': 0.10555492173543571, 'ETS': 0.10523676716239537, 'Naive': 0.09664875181272571}",0.5514742717499899
느티나무 셀프BBQ_스프라이트 (단체),WeightedEnsemble,-0.5548874903049432,0.5548874903049432,1.0,"{'WeightedEnsemble': 0.20141462868399684, 'TemporalFusionTransformer': 0.1845194161414334, 'Naive': 0.1240152447526708, 'DirectTabular': 0.11901486935174668, 'ETS': 0.09751350216146627, 'SeasonalNaive': 0.0937290119739149, 'Theta': 0.0931473535196274, 'Chronos[autogluon__chronos-bolt-small]': 0.08664597341514367}",0.5548874903049432
카페테리아_어린이 돈까스,WeightedEnsemble,-0.5556463020539207,0.5556463020539207,1.0,"{'WeightedEnsemble': 0.15153881888504184, 'TemporalFusionTransformer': 0.14498312580594638, 'DirectTabular': 0.13648565355608835, 'ETS': 0.1288339726483797, 'Chronos[autogluon__chronos-bolt-small]': 0.12325192505511175, 'Naive': 0.12018383543485966, 'Theta': 0.10928706623365869, 'SeasonalNaive': 0.08543560238091355}",0.5556463020539207
라그로타_자몽리치에이드,WeightedEnsemble,-0.5564085035251706,0.5564085035251706,1.0,"{'WeightedEnsemble': 0.15832050148080531, 'TemporalFusionTransformer': 0.15724433603113447, 'DirectTabular': 0.15363498390821265, 'ETS': 0.12143769270586265, 'Theta': 0.11410854512997028, 'SeasonalNaive': 0.11111619023327271, 'Chronos[autogluon__chronos-bolt-small]': 0.1064558573003066, 'Naive': 0.0776818932104353}",0.5564085035251706
포레스트릿_생수,WeightedEnsemble,-0.5567886346776552,0.5567886346776552,1.0,"{'WeightedEnsemble': 0.17925145372849144, 'SeasonalNaive': 0.17925145372849144, 'TemporalFusionTransformer': 0.1252343274578773, 'ETS': 0.11630049411510791, 'DirectTabular': 0.11050401321783336, 'Theta': 0.10231924875057749, 'Naive': 0.09516203425453554, 'Chronos[autogluon__chronos-bolt-small]': 0.09197697474708547}",0.5567886346776552
라그로타_빵 추가 (1인),WeightedEnsemble,-0.5573280839507051,0.5573280839507051,1.0,"{'WeightedEnsemble': 0.1869741600634914, 'TemporalFusionTransformer': 0.1661296228854294, 'SeasonalNaive': 0.16571557379224958, 'DirectTabular': 0.1226568588306212, 'Chronos[autogluon__chronos-bolt-small]': 0.10455684552172771, 'Theta': 0.09634640428953807, 'ETS': 0.0859226110636449, 'Naive': 0.07169792355329761}",0.5573280839507051
카페테리아_한상 삼겹구이 정식(2인) 소요시간 약 15~20분,WeightedEnsemble,-0.5614806926294713,0.5614806926294713,1.0,"{'WeightedEnsemble': 0.14817569463953972, 'DirectTabular': 0.1472464599592798, 'TemporalFusionTransformer': 0.13447710669612387, 'Chronos[autogluon__chronos-bolt-small]': 0.12142439888336375, 'ETS': 0.12005244421267255, 'Theta': 0.1155940841411383, 'SeasonalNaive': 0.1114897528917845, 'Naive': 0.10154005857609749}",0.5614806926294713
라그로타_AUS (200g),WeightedEnsemble,-0.5643996183585098,0.5643996183585098,1.0,"{'WeightedEnsemble': 0.15288583734736125, 'DirectTabular': 0.14956436204670026, 'TemporalFusionTransformer': 0.1428829098843321, 'SeasonalNaive': 0.13681609103219772, 'ETS': 0.12446438469120834, 'Theta': 0.11055208952570472, 'Chronos[autogluon__chronos-bolt-small]': 0.09169269231264689, 'Naive': 0.09114163315984865}",0.5643996183585098
라그로타_알리오 에 올리오 ,WeightedEnsemble,-0.571767780896183,0.571767780896183,1.0,"{'WeightedEnsemble': 0.15643532663687254, 'SeasonalNaive': 0.15643532663687254, 'TemporalFusionTransformer': 0.1354965533449511, 'DirectTabular': 0.13232353354698342, 'Theta': 0.11010873973830541, 'ETS': 0.10713961280219665, 'Chronos[autogluon__chronos-bolt-small]': 0.1016578450635447, 'Naive': 0.10040306223027368}",0.571767780896183
미라시아_레인보우칵테일(알코올),WeightedEnsemble,-0.5739132604633765,0.5739132604633765,2.0,"{'WeightedEnsemble': 0.17490168832806785, 'Naive': 0.17490168832806785, 'SeasonalNaive': 0.1428890450844074, 'TemporalFusionTransformer': 0.12219906625453683, 'Chronos[autogluon__chronos-bolt-small]': 0.10264075310635161, 'Theta': 0.09924805513768173, 'ETS': 0.09430407552330848, 'DirectTabular': 0.08891562823757815}",0.5739132604633765
담하_한우 떡갈비 정식,WeightedEnsemble,-0.576711735930759,0.576711735930759,2.0,"{'WeightedEnsemble': 0.15131998099522873, 'TemporalFusionTransformer': 0.14848347062248074, 'DirectTabular': 0.1261609807987345, 'ETS': 0.12350323095274526, 'Chronos[autogluon__chronos-bolt-small]': 0.11426839569977694, 'SeasonalNaive': 0.11371081220285849, 'Naive': 0.11148845349419713, 'Theta': 0.11106467523397819}",0.576711735930759
미라시아_유자 하이볼,WeightedEnsemble,-0.5781130586271079,0.5781130586271079,2.0,"{'WeightedEnsemble': 0.17253900336845124, 'TemporalFusionTransformer': 0.16955676686389026, 'SeasonalNaive': 0.14511125925534257, 'Naive': 0.13960295427255154, 'Chronos[autogluon__chronos-bolt-small]': 0.11016495405915566, 'Theta': 0.08960809027539424, 'ETS': 0.08780012716571833, 'DirectTabular': 0.08561684473949614}",0.5781130586271079
미라시아_보일링 랍스타 플래터,WeightedEnsemble,-0.58180253607645,0.58180253607645,2.0,"{'WeightedEnsemble': 0.18211776599224047, 'SeasonalNaive': 0.18211776599224047, 'DirectTabular': 0.11520680108122029, 'TemporalFusionTransformer': 0.11239338296150143, 'Chronos[autogluon__chronos-bolt-small]': 0.10705014545593011, 'ETS': 0.1048982108290121, 'Theta': 0.10410030776102477, 'Naive': 0.09211561992683032}",0.58180253607645
라그로타_Open Food,WeightedEnsemble,-0.5867567118837992,0.5867567118837992,1.0,"{'WeightedEnsemble': 0.17001882394512466, 'Chronos[autogluon__chronos-bolt-small]': 0.17001882394512466, 'Naive': 0.1563323672334914, 'DirectTabular': 0.11437451478029834, 'TemporalFusionTransformer': 0.10685899994110594, 'ETS': 0.09816492468041356, 'Theta': 0.09442671198284362, 'SeasonalNaive': 0.0898048334915979}",0.5867567118837992
미라시아_(오븐) 하와이안 쉬림프 피자,WeightedEnsemble,-0.5889973130619458,0.5889973130619458,2.0,"{'WeightedEnsemble': 0.17864553974634445, 'SeasonalNaive': 0.17864553974634445, 'DirectTabular': 0.12770362211742603, 'Chronos[autogluon__chronos-bolt-small]': 0.12348518021616356, 'TemporalFusionTransformer': 0.1049080636342902, 'ETS': 0.09969862797301508, 'Theta': 0.0985073178635418, 'Naive': 0.08840610870287435}",0.5889973130619458
미라시아_애플망고 에이드,WeightedEnsemble,-0.5894724104102919,0.5894724104102919,2.0,"{'WeightedEnsemble': 0.16395853635236982, 'TemporalFusionTransformer': 0.15570874902389728, 'Naive': 0.13988792879041767, 'DirectTabular': 0.12900955261190916, 'Chronos[autogluon__chronos-bolt-small]': 0.11670395265362922, 'ETS': 0.10787896586944541, 'Theta': 0.10186503687558449, 'SeasonalNaive': 0.08498727782274708}",0.5894724104102919
"미라시아_(단체)브런치주중 36,000",WeightedEnsemble,-0.5932291042568272,0.5932291042568272,2.0,"{'WeightedEnsemble': 0.17274366181115464, 'DirectTabular': 0.13339350532580774, 'ETS': 0.12805285639342323, 'TemporalFusionTransformer': 0.1247633714901114, 'SeasonalNaive': 0.12367884723764838, 'Naive': 0.11142536972432797, 'Theta': 0.10909131631970058, 'Chronos[autogluon__chronos-bolt-small]': 0.09685107169782613}",0.5932291042568272
미라시아_(화덕) 불고기 페퍼로니 반반피자,WeightedEnsemble,-0.5995873475801435,0.5995873475801435,2.0,"{'WeightedEnsemble': 0.15055642470062233, 'TemporalFusionTransformer': 0.13699614465917168, 'DirectTabular': 0.1342370868816924, 'ETS': 0.12715485911875846, 'Chronos[autogluon__chronos-bolt-small]': 0.12633310465720735, 'Theta': 0.12601951023991528, 'SeasonalNaive': 0.10014703411243704, 'Naive': 0.0985558356301955}",0.5995873475801435
미라시아_핑크레몬에이드,WeightedEnsemble,-0.601604739561572,0.601604739561572,2.0,"{'WeightedEnsemble': 0.16410390239212516, 'TemporalFusionTransformer': 0.16410390239212516, 'SeasonalNaive': 0.14372935132214765, 'Chronos[autogluon__chronos-bolt-small]': 0.1215042349380761, 'Theta': 0.11594371751147267, 'ETS': 0.10491360753572311, 'DirectTabular': 0.1013859505719475, 'Naive': 0.08431533333638241}",0.601604739561572
담하_참이슬,WeightedEnsemble,-0.6031596425529365,0.6031596425529365,2.0,"{'WeightedEnsemble': 0.14335322734902464, 'Theta': 0.136574289341031, 'TemporalFusionTransformer': 0.133681902435114, 'DirectTabular': 0.13131469745919533, 'ETS': 0.12892591266207196, 'Chronos[autogluon__chronos-bolt-small]': 0.12689904288862372, 'SeasonalNaive': 0.11890370192889427, 'Naive': 0.08034722593604518}",0.6031596425529365
미라시아_코카콜라(제로),WeightedEnsemble,-0.6085421651024532,0.6085421651024532,2.0,"{'WeightedEnsemble': 0.17301427402929573, 'SeasonalNaive': 0.17301427402929573, 'TemporalFusionTransformer': 0.12612248804700707, 'Chronos[autogluon__chronos-bolt-small]': 0.1138068277475342, 'DirectTabular': 0.1109040268816629, 'Theta': 0.10197485564753991, 'ETS': 0.10171183064882076, 'Naive': 0.09945142296884364}",0.6085421651024532
느티나무 셀프BBQ_친환경 접시 14cm,WeightedEnsemble,-0.609722397998941,0.609722397998941,1.0,"{'WeightedEnsemble': 0.170193183616717, 'TemporalFusionTransformer': 0.170193183616717, 'SeasonalNaive': 0.1357435763554817, 'Chronos[autogluon__chronos-bolt-small]': 0.1254224610434379, 'DirectTabular': 0.11336697217563489, 'Theta': 0.10290725081018441, 'ETS': 0.0979804910493628, 'Naive': 0.08419288133246428}",0.609722397998941
카페테리아_짬뽕,WeightedEnsemble,-0.6097884201573875,0.6097884201573875,1.0,"{'WeightedEnsemble': 0.14902190084992356, 'DirectTabular': 0.1410657782950931, 'TemporalFusionTransformer': 0.13812302542978575, 'Naive': 0.12322926624540508, 'Chronos[autogluon__chronos-bolt-small]': 0.12255549081657915, 'ETS': 0.11881327563777522, 'Theta': 0.11691641098984605, 'SeasonalNaive': 0.09027485173559222}",0.6097884201573875
라그로타_카스,WeightedEnsemble,-0.6103820049096954,0.6103820049096954,1.0,"{'WeightedEnsemble': 0.1582072300143167, 'Naive': 0.1582072300143167, 'Theta': 0.13180034822327846, 'SeasonalNaive': 0.12127356864692715, 'DirectTabular': 0.11390205796604169, 'TemporalFusionTransformer': 0.11349859852769814, 'ETS': 0.10979657212497376, 'Chronos[autogluon__chronos-bolt-small]': 0.09331439448244713}",0.6103820049096954
담하_테라,WeightedEnsemble,-0.6134406808192444,0.6134406808192444,2.0,"{'WeightedEnsemble': 0.18679483822437815, 'TemporalFusionTransformer': 0.16162431577309752, 'SeasonalNaive': 0.1560241463829603, 'Theta': 0.1038086489056509, 'ETS': 0.10305421576021152, 'Chronos[autogluon__chronos-bolt-small]': 0.10181008198063282, 'DirectTabular': 0.0957143117963701, 'Naive': 0.09116944117669873}",0.6134406808192444
담하_스프라이트,WeightedEnsemble,-0.6156134373698262,0.6156134373698262,2.0,"{'WeightedEnsemble': 0.17336399984758658, 'TemporalFusionTransformer': 0.1619544818660967, 'SeasonalNaive': 0.1294369876620385, 'Chronos[autogluon__chronos-bolt-small]': 0.12342082916515425, 'DirectTabular': 0.10549228534486545, 'ETS': 0.1036136233082437, 'Theta': 0.10266297261484549, 'Naive': 0.10005482019116943}",0.6156134373698262
"느티나무 셀프BBQ_대여료 60,000원",WeightedEnsemble,-0.6175632747131081,0.6175632747131081,1.0,"{'WeightedEnsemble': 0.16949205527873948, 'SeasonalNaive': 0.16949205527873948, 'TemporalFusionTransformer': 0.1524422422834736, 'DirectTabular': 0.11449058761455946, 'Chronos[autogluon__chronos-bolt-small]': 0.10616665595602044, 'ETS': 0.10526869552037625, 'Theta': 0.10067716660412843, 'Naive': 0.08197054146396288}",0.6175632747131081
"느티나무 셀프BBQ_대여료 30,000원",WeightedEnsemble,-0.6208384078610163,0.6208384078610163,1.0,"{'WeightedEnsemble': 0.15126672976388647, 'SeasonalNaive': 0.15126672976388647, 'TemporalFusionTransformer': 0.12893533914003963, 'ETS': 0.1284685730644967, 'Chronos[autogluon__chronos-bolt-small]': 0.12271102841823461, 'Theta': 0.11425962686386076, 'DirectTabular': 0.1061524237827818, 'Naive': 0.09693954920281368}",0.6208384078610163
라그로타_까르보나라,WeightedEnsemble,-0.6378450580938921,0.6378450580938921,1.0,"{'WeightedEnsemble': 0.1503181737949821, 'TemporalFusionTransformer': 0.14765276464424532, 'SeasonalNaive': 0.13418296448842576, 'DirectTabular': 0.1296372897928935, 'Naive': 0.12053348197178276, 'Theta': 0.11259213386609125, 'ETS': 0.10713984408004441, 'Chronos[autogluon__chronos-bolt-small]': 0.09794334736153484}",0.6378450580938921
담하_카스,WeightedEnsemble,-0.638491691217363,0.638491691217363,2.0,"{'WeightedEnsemble': 0.16922799112280337, 'SeasonalNaive': 0.16922799112280337, 'Naive': 0.1367700876019465, 'TemporalFusionTransformer': 0.1313060583850806, 'Theta': 0.10073580748323431, 'Chronos[autogluon__chronos-bolt-small]': 0.0990927485949601, 'ETS': 0.09752538563885636, 'DirectTabular': 0.09611393005031556}",0.638491691217363
미라시아_오븐구이 윙과 킬바사소세지,WeightedEnsemble,-0.6555307588765482,0.6555307588765482,2.0,"{'WeightedEnsemble': 0.14335851740964128, 'DirectTabular': 0.14159550382938896, 'TemporalFusionTransformer': 0.13115924003773013, 'Chronos[autogluon__chronos-bolt-small]': 0.12557945306588003, 'SeasonalNaive': 0.11707574333611426, 'ETS': 0.1167181927413049, 'Theta': 0.11264342303020265, 'Naive': 0.11186992654973771}",0.6555307588765482
카페테리아_짬뽕밥,WeightedEnsemble,-0.6568199167030355,0.6568199167030355,1.0,"{'WeightedEnsemble': 0.14619871758400788, 'SeasonalNaive': 0.14619871758400788, 'TemporalFusionTransformer': 0.13324229113708422, 'DirectTabular': 0.12358091356055037, 'Theta': 0.1197872273069357, 'Chronos[autogluon__chronos-bolt-small]': 0.11908884444148617, 'ETS': 0.114768860959636, 'Naive': 0.09713442742629189}",0.6568199167030355
담하_(후식) 물냉면,WeightedEnsemble,-0.6650246549343538,0.6650246549343538,2.0,"{'WeightedEnsemble': 0.14561485256264325, 'Naive': 0.14561485256264325, 'TemporalFusionTransformer': 0.14078508355415506, 'DirectTabular': 0.132753149651348, 'ETS': 0.1299333801908358, 'Theta': 0.1201816559640244, 'Chronos[autogluon__chronos-bolt-small]': 0.09991241187710923, 'SeasonalNaive': 0.08520461363724102}",0.6650246549343538
느티나무 셀프BBQ_콜라 (단체),WeightedEnsemble,-0.6692741505115237,0.6692741505115237,1.0,"{'WeightedEnsemble': 0.18025388124890807, 'TemporalFusionTransformer': 0.17217830173599635, 'Naive': 0.13177802108828923, 'DirectTabular': 0.11596649091741472, 'ETS': 0.10310650356155043, 'Chronos[autogluon__chronos-bolt-small]': 0.0996113289766052, 'SeasonalNaive': 0.09869432641793538, 'Theta': 0.09841114605330063}",0.6692741505115237
미라시아_공깃밥,WeightedEnsemble,-0.6784236324872461,0.6784236324872461,2.0,"{'WeightedEnsemble': 0.16271408956668326, 'TemporalFusionTransformer': 0.15203891351982438, 'SeasonalNaive': 0.15166894112405357, 'Chronos[autogluon__chronos-bolt-small]': 0.1260802683486862, 'Theta': 0.10452823509233973, 'DirectTabular': 0.10240797877204497, 'ETS': 0.1023028940601975, 'Naive': 0.09825867951617041}",0.6784236324872461
미라시아_스텔라(무제한),WeightedEnsemble,-0.6808212315669409,0.6808212315669409,2.0,"{'WeightedEnsemble': 0.15409850084300294, 'TemporalFusionTransformer': 0.1511506688187106, 'ETS': 0.129494942183488, 'Theta': 0.1278555094793559, 'DirectTabular': 0.12556297079802925, 'Chronos[autogluon__chronos-bolt-small]': 0.1167733704631136, 'Naive': 0.10417704074637502, 'SeasonalNaive': 0.09088699666792482}",0.6808212315669409
담하_메밀면 사리,WeightedEnsemble,-0.6814727179618898,0.6814727179618898,2.0,"{'WeightedEnsemble': 0.14341917251551975, 'TemporalFusionTransformer': 0.13671321481399487, 'SeasonalNaive': 0.12795226279738406, 'DirectTabular': 0.1254362980724737, 'Theta': 0.12233032129520217, 'ETS': 0.120028898609776, 'Chronos[autogluon__chronos-bolt-small]': 0.11507051918955047, 'Naive': 0.10904931270609904}",0.6814727179618898
연회장_Regular Coffee,WeightedEnsemble,-0.6834663621080758,0.6834663621080758,1.0,"{'WeightedEnsemble': 0.19137524555428242, 'Naive': 0.19137524555428242, 'Chronos[autogluon__chronos-bolt-small]': 0.12757599395274385, 'ETS': 0.10498241558259137, 'SeasonalNaive': 0.09954107819177344, 'TemporalFusionTransformer': 0.09736197346183309, 'DirectTabular': 0.09421567457771964, 'Theta': 0.09357237312477361}",0.6834663621080758
담하_황태해장국,WeightedEnsemble,-0.6838906943921321,0.6838906943921321,2.0,"{'WeightedEnsemble': 0.13621888642405547, 'Theta': 0.13621888642405547, 'ETS': 0.1335954598100405, 'Chronos[autogluon__chronos-bolt-small]': 0.12913419550995228, 'DirectTabular': 0.12691694410440355, 'TemporalFusionTransformer': 0.12441126533776681, 'Naive': 0.117089836175028, 'SeasonalNaive': 0.09641452621469797}",0.6838906943921321
담하_갱시기,WeightedEnsemble,-0.6916724678080786,0.6916724678080786,2.0,"{'WeightedEnsemble': 0.15098587148754067, 'TemporalFusionTransformer': 0.15098587148754067, 'DirectTabular': 0.1289037286310078, 'ETS': 0.1181494662519076, 'Theta': 0.11695881761642662, 'SeasonalNaive': 0.1164566203430253, 'Naive': 0.1155958932279536, 'Chronos[autogluon__chronos-bolt-small]': 0.10196373095459772}",0.6916724678080786
카페테리아_짜장밥,WeightedEnsemble,-0.6960124582579944,0.6960124582579944,1.0,"{'WeightedEnsemble': 0.14851846892917142, 'TemporalFusionTransformer': 0.14547005900362342, 'DirectTabular': 0.14132626458479364, 'Naive': 0.12222770621498433, 'ETS': 0.11233969257461343, 'SeasonalNaive': 0.11147137063179198, 'Chronos[autogluon__chronos-bolt-small]': 0.11087238426080755, 'Theta': 0.10777405380021438}",0.6960124582579944
담하_(후식) 비빔냉면,WeightedEnsemble,-0.7004114967090704,0.7004114967090704,2.0,"{'WeightedEnsemble': 0.15187291480108284, 'DirectTabular': 0.1515195525545731, 'TemporalFusionTransformer': 0.13981848974884026, 'ETS': 0.13676644532721044, 'Theta': 0.133082749193272, 'Chronos[autogluon__chronos-bolt-small]': 0.10278803793781074, 'SeasonalNaive': 0.09347798257415316, 'Naive': 0.09067382786305747}",0.7004114967090704
카페테리아_공깃밥(추가),WeightedEnsemble,-0.7018993814301828,0.7018993814301828,1.0,"{'WeightedEnsemble': 0.14191244642259498, 'SeasonalNaive': 0.14191244642259498, 'Chronos[autogluon__chronos-bolt-small]': 0.13297617951602625, 'TemporalFusionTransformer': 0.12621438554020198, 'Theta': 0.11738818229676931, 'DirectTabular': 0.11609671517476862, 'ETS': 0.11386027936708237, 'Naive': 0.10963936525996157}",0.7018993814301828
라그로타_Gls.미션 서드,WeightedEnsemble,-0.702940883626961,0.702940883626961,1.0,"{'WeightedEnsemble': 0.14747813621888808, 'TemporalFusionTransformer': 0.14535831426919416, 'SeasonalNaive': 0.12695931285471596, 'Theta': 0.12350591886915482, 'ETS': 0.12265819640884554, 'DirectTabular': 0.12146071578625842, 'Chronos[autogluon__chronos-bolt-small]': 0.11640895731421824, 'Naive': 0.09617044827872476}",0.702940883626961
라그로타_그릴드 비프 샐러드,WeightedEnsemble,-0.7080863817745625,0.7080863817745625,1.0,"{'WeightedEnsemble': 0.1483311164776511, 'DirectTabular': 0.13762132458512244, 'SeasonalNaive': 0.12492248259339515, 'ETS': 0.12373878031414501, 'TemporalFusionTransformer': 0.12371120191815738, 'Theta': 0.12305704566582572, 'Naive': 0.11979296703395435, 'Chronos[autogluon__chronos-bolt-small]': 0.09882508141174877}",0.7080863817745625
느티나무 셀프BBQ_카스 병(단체),WeightedEnsemble,-0.7104766157667463,0.7104766157667463,1.0,"{'WeightedEnsemble': 0.17269698404721995, 'TemporalFusionTransformer': 0.17269698404721995, 'Naive': 0.1306558946075892, 'DirectTabular': 0.12343141950343757, 'SeasonalNaive': 0.11308407308470236, 'ETS': 0.09793454671788628, 'Chronos[autogluon__chronos-bolt-small]': 0.09655163246099398, 'Theta': 0.09294846553095075}",0.7104766157667463
"느티나무 셀프BBQ_본삼겹 (단품,실내)",WeightedEnsemble,-0.7140464646903009,0.7140464646903009,1.0,"{'WeightedEnsemble': 0.16246376775426344, 'TemporalFusionTransformer': 0.16246376775426344, 'Chronos[autogluon__chronos-bolt-small]': 0.1438160405792982, 'DirectTabular': 0.12175730131877573, 'SeasonalNaive': 0.10740296323034505, 'Theta': 0.10403820376121065, 'ETS': 0.10287265471016588, 'Naive': 0.09518530089167775}",0.7140464646903009
느티나무 셀프BBQ_참이슬 (단체),WeightedEnsemble,-0.7195254711606327,0.7195254711606327,1.0,"{'WeightedEnsemble': 0.1782077576587481, 'TemporalFusionTransformer': 0.14776357189966777, 'Naive': 0.13671331218545213, 'SeasonalNaive': 0.11909293225803333, 'DirectTabular': 0.11801367538799003, 'ETS': 0.10290911599992876, 'Chronos[autogluon__chronos-bolt-small]': 0.0993772490041675, 'Theta': 0.09792238560601244}",0.7195254711606327
담하_(단체) 황태해장국 3/27까지,WeightedEnsemble,-0.7512064797177502,0.7512064797177502,2.0,"{'WeightedEnsemble': 0.15889953435058138, 'TemporalFusionTransformer': 0.15889953435058138, 'DirectTabular': 0.1317718029450772, 'SeasonalNaive': 0.1230272362227119, 'Theta': 0.11370670713743126, 'ETS': 0.11268800172890049, 'Chronos[autogluon__chronos-bolt-small]': 0.11145628002992701, 'Naive': 0.08955090323478944}",0.7512064797177502
라그로타_아메리카노,WeightedEnsemble,-0.7739206789344466,0.7739206789344466,1.0,"{'WeightedEnsemble': 0.14547871862617823, 'Naive': 0.14547871862617823, 'TemporalFusionTransformer': 0.14217803558997608, 'SeasonalNaive': 0.123851318723041, 'Chronos[autogluon__chronos-bolt-small]': 0.11715902363001507, 'DirectTabular': 0.10921071764833452, 'Theta': 0.10845471583554986, 'ETS': 0.1081887513207271}",0.7739206789344466
라그로타_콜라,WeightedEnsemble,-0.7809276931063935,0.7809276931063935,1.0,"{'WeightedEnsemble': 0.15412639828988872, 'TemporalFusionTransformer': 0.14936254306741073, 'Theta': 0.12256210543373407, 'ETS': 0.12186406421785578, 'Chronos[autogluon__chronos-bolt-small]': 0.11571017318356597, 'DirectTabular': 0.11515998594746453, 'Naive': 0.11137990389128098, 'SeasonalNaive': 0.10983482596879922}",0.7809276931063935
미라시아_코카콜라,WeightedEnsemble,-0.8169278475035908,0.8169278475035908,2.0,"{'WeightedEnsemble': 0.1392278195005318, 'SeasonalNaive': 0.1392278195005318, 'DirectTabular': 0.12998984747470732, 'ETS': 0.12734119030731259, 'Naive': 0.12503239058317123, 'Theta': 0.12453039667083703, 'TemporalFusionTransformer': 0.11279820462635286, 'Chronos[autogluon__chronos-bolt-small]': 0.10185233133655543}",0.8169278475035908
라그로타_모둠 해산물 플래터,WeightedEnsemble,-0.8183423161145336,0.8183423161145336,1.0,"{'WeightedEnsemble': 0.13679968434255738, 'TemporalFusionTransformer': 0.13679968434255738, 'Chronos[autogluon__chronos-bolt-small]': 0.13408412830369384, 'DirectTabular': 0.1314931505708047, 'SeasonalNaive': 0.12968560330617931, 'Theta': 0.11596666471847279, 'ETS': 0.11449568214079214, 'Naive': 0.10067540227494248}",0.8183423161145336
카페테리아_단체식 13000(신),WeightedEnsemble,-0.8207432806631475,0.8207432806631475,1.0,"{'WeightedEnsemble': 0.1579990264073549, 'Naive': 0.1579990264073549, 'SeasonalNaive': 0.1296236641307862, 'TemporalFusionTransformer': 0.12855316096476357, 'DirectTabular': 0.1281831995867619, 'ETS': 0.10553300874933534, 'Theta': 0.09844969379817235, 'Chronos[autogluon__chronos-bolt-small]': 0.09365921995547087}",0.8207432806631475
미라시아_콥 샐러드,WeightedEnsemble,-0.8349153926778368,0.8349153926778368,2.0,"{'WeightedEnsemble': 0.13919453336379886, 'Theta': 0.1303176547960533, 'Chronos[autogluon__chronos-bolt-small]': 0.1298939049196338, 'ETS': 0.12941902679088668, 'TemporalFusionTransformer': 0.12449343870198554, 'SeasonalNaive': 0.12035342919113541, 'DirectTabular': 0.1164096305015858, 'Naive': 0.10991838173492068}",0.8349153926778368
담하_(단체) 생목살 김치전골 2.0,WeightedEnsemble,-0.8487044059160969,0.8487044059160969,2.0,"{'WeightedEnsemble': 0.1560624204453547, 'Chronos[autogluon__chronos-bolt-small]': 0.1560624204453547, 'SeasonalNaive': 0.1376886316223313, 'Naive': 0.13477340333644064, 'TemporalFusionTransformer': 0.12249181476583458, 'DirectTabular': 0.10202207706372464, 'ETS': 0.09789753328294507, 'Theta': 0.09300169903801447}",0.8487044059160969
라그로타_한우 (200g),WeightedEnsemble,-0.8506645605793002,0.8506645605793002,1.0,"{'WeightedEnsemble': 0.1350072440682641, 'SeasonalNaive': 0.1350072440682641, 'Theta': 0.1315427862637873, 'ETS': 0.13134476948726148, 'DirectTabular': 0.1251830260278759, 'Naive': 0.11580693754685412, 'Chronos[autogluon__chronos-bolt-small]': 0.11336289071961624, 'TemporalFusionTransformer': 0.11274510181807673}",0.8506645605793002
느티나무 셀프BBQ_햇반,WeightedEnsemble,-0.859928353599807,0.859928353599807,1.0,"{'WeightedEnsemble': 0.15291023725365607, 'Naive': 0.15291023725365607, 'SeasonalNaive': 0.1385384735661165, 'TemporalFusionTransformer': 0.1183458016953704, 'ETS': 0.1096175653424836, 'Theta': 0.10938795301893275, 'DirectTabular': 0.10937069912609237, 'Chronos[autogluon__chronos-bolt-small]': 0.1089190327436922}",0.859928353599807
느티나무 셀프BBQ_1인 수저세트,WeightedEnsemble,-0.8662281648405437,0.8662281648405437,1.0,"{'WeightedEnsemble': 0.14448880849580922, 'SeasonalNaive': 0.14448880849580922, 'TemporalFusionTransformer': 0.13800131375309035, 'Chronos[autogluon__chronos-bolt-small]': 0.12096875538746275, 'Theta': 0.11859362801314147, 'ETS': 0.11582754080901911, 'DirectTabular': 0.11030764962028973, 'Naive': 0.107323495425378}",0.8662281648405437
카페테리아_단체식 18000(신),WeightedEnsemble,-0.872692704002644,0.872692704002644,1.0,"{'WeightedEnsemble': 0.14475361251615754, 'SeasonalNaive': 0.14459815128609518, 'Naive': 0.13254864846824368, 'TemporalFusionTransformer': 0.13199270986357314, 'DirectTabular': 0.12985882822797595, 'ETS': 0.114793912864007, 'Theta': 0.10331871893754192, 'Chronos[autogluon__chronos-bolt-small]': 0.09813541783640557}",0.872692704002644
미라시아_칠리 치즈 프라이,WeightedEnsemble,-0.9055587023263941,0.9055587023263941,2.0,"{'WeightedEnsemble': 0.13624789921093072, 'TemporalFusionTransformer': 0.13624789921093072, 'SeasonalNaive': 0.12703288988761074, 'Naive': 0.12703288988761074, 'DirectTabular': 0.11979305167768932, 'Theta': 0.11957960786494928, 'ETS': 0.11805389154408333, 'Chronos[autogluon__chronos-bolt-small]': 0.11601187071619516}",0.9055587023263941
